2F,122,01,24,198,19800,21,22640,0.11,1.14,0.13,
2F,122,01,13,198,19800,24,20490,0.12,1.03,0.12,
2F,122,10,23,361,36100,41,49710,0.11,1.38,0.15,
2F,122,12,14,242,24200,31,26070,0.13,1.08,0.14,
2F,122,13,13,180,18000,23,22170,0.13,1.23,0.16,
2F,122,14,23,116,11600,13,11840,0.11,1.02,0.11,
2F,122,16,23,247,24700,27,29530,0.11,1.20,0.13,
2F,122,16,14,247,24700,29,26540,0.12,1.07,0.13,
2F,122,17,13,229,22900,29,24230,0.13,1.06,0.14,
2F,122,21,14,208,20800,27,24830,0.13,1.19,0.15,
2F,122,23,13,259,25900,37,38070,0.14,1.47,0.21,
2F,125,01,23,91,9100,11,11440,0.12,1.26,0.15,
2F,125,01,12,91,9100,31,9360,0.34,1.03,0.35,
2F,125,03,12,152,15200,54,16470,0.36,1.08,0.39,
2F,125,06,23,109,10900,11,11360,0.10,1.04,0.10,
2F,125,06,13,109,10900,13,11820,0.12,1.08,0.13,
2F,125,08,12,90,9000,37,11220,0.41,1.25,0.51,
2F,125,10,15,112,11200,27,18760,0.24,1.68,0.40,
2F,125,10,13,112,11200,20,16450,0.18,1.47,0.26,
2F,125,12,25,124,12400,16,13200,0.13,1.06,0.14,
2F,125,14,25,70,7000,8,7610,0.11,1.09,0.12,
2F,125,16,15,117,11700,21,14020,0.18,1.20,0.22,
2F,125,17,13,112,11200,19,16990,0.17,1.52,0.26,
2F,125,17,12,112,11200,40,11960,0.36,1.07,0.39,
2F,125,18,25,65,6500,8,8030,0.12,1.24,0.15,
2F,125,19,14,83,8300,11,11810,0.13,1.42,0.18,
2F,125,19,12,83,8300,30,9230,0.36,1.11,0.40,
2F,125,20,25,84,8400,12,9510,0.14,1.13,0.16,
2F,125,21,25,81,8100,14,10860,0.17,1.34,0.23,
2F,125,22,12,71,7100,28,7630,0.39,1.07,0.42,
2F,125,24,13,72,7200,14,10940,0.19,1.52,0.29,
2F,126,06,56,52,5200,7,13240,0.13,2.55,0.33,
2F,126,06,16,52,5200,8,5280,0.15,1.02,0.15,
2F,126,06,13,52,5200,5,5690,0.10,1.09,0.11,
2F,126,06,12,52,5200,15,5460,0.29,1.05,0.30,
2F,133,01,23,83,8300,9,10980,0.11,1.32,0.15,
2F,133,02,23,56,5600,7,7360,0.13,1.31,0.17,
2F,133,02,16,56,5600,7,8080,0.13,1.44,0.19,
2F,133,02,13,56,5600,19,5730,0.34,1.02,0.35,
2F,133,03,14,93,9300,13,14430,0.14,1.55,0.22,
2F,133,03,12,93,9300,18,10060,0.19,1.08,0.21,
2F,133,05,12,110,11000,22,14570,0.20,1.32,0.26,
2F,133,06,12,211,21100,32,22850,0.15,1.08,0.16,
2F,133,07,12,160,16000,27,18490,0.17,1.16,0.20,
2F,133,09,23,200,20000,21,22610,0.11,1.13,0.12,
2F,133,09,12,200,20000,34,21450,0.17,1.07,0.18,
2F,133,10,12,208,20800,39,22780,0.19,1.10,0.21,
2F,133,11,12,136,13600,20,15140,0.15,1.11,0.17,
2F,133,14,14,78,7800,11,7990,0.14,1.02,0.14,
2F,133,15,34,143,14300,16,14440,0.11,1.01,0.11,
2F,133,15,23,143,14300,16,16140,0.11,1.13,0.12,
2F,133,15,14,143,14300,19,16610,0.13,1.16,0.15,
2F,133,16,34,229,22900,24,24300,0.10,1.06,0.11,
2F,133,17,34,160,16000,18,20980,0.11,1.31,0.14,
2F,133,18,15,109,10900,12,13000,0.11,1.19,0.13,
2F,133,18,14,109,10900,13,11370,0.12,1.04,0.12,
2F,133,18,12,109,10900,22,11420,0.20,1.05,0.21,
2F,133,20,23,164,16400,16,18390,0.10,1.12,0.11,
2F,133,21,12,146,14600,27,18380,0.18,1.26,0.23,
2F,133,22,12,158,15800,33,20700,0.21,1.31,0.28,
2F,133,23,14,110,11000,12,18360,0.11,1.67,0.18,
2F,133,24,14,152,15200,17,16300,0.11,1.07,0.12,
2F,135,01,12,79,7900,12,11650,0.15,1.47,0.22,
2F,135,02,25,115,11500,12,15080,0.10,1.31,0.13,
2F,135,05,23,98,9800,11,10240,0.11,1.04,0.11,
2F,135,06,35,104,10400,14,12730,0.13,1.22,0.16,
2F,135,07,15,101,10100,20,11190,0.20,1.11,0.22,
2F,135,07,12,101,10100,18,11220,0.18,1.11,0.20,
2F,135,08,12,82,8200,17,9330,0.21,1.14,0.24,
2F,135,09,13,71,7100,22,7880,0.31,1.11,0.34,
2F,135,11,23,94,9400,11,15770,0.12,1.68,0.20,
2F,135,11,15,94,9400,18,10160,0.19,1.08,0.21,
2F,135,11,12,94,9400,13,10200,0.14,1.09,0.15,
2F,135,12,23,99,9900,12,11170,0.12,1.13,0.14,
2F,135,14,35,61,6100,9,6930,0.15,1.14,0.17,
2F,135,15,12,80,8000,13,9140,0.16,1.14,0.18,
2F,135,16,23,111,11100,11,11970,0.10,1.08,0.11,
2F,135,16,12,111,11100,21,11580,0.19,1.04,0.20,
2F,135,17,35,82,8200,16,12200,0.20,1.49,0.30,
2F,135,17,13,82,8200,24,8660,0.29,1.06,0.31,
2F,135,18,34,94,9400,11,19000,0.12,2.02,0.24,
2F,135,19,15,71,7100,9,7160,0.13,1.01,0.13,
2F,135,19,12,71,7100,16,8840,0.23,1.25,0.29,
2F,135,20,35,89,8900,11,9780,0.12,1.10,0.13,
2F,135,20,14,89,8900,10,9560,0.11,1.07,0.12,
2F,135,21,15,96,9600,16,11390,0.17,1.19,0.20,
2F,135,21,12,96,9600,13,10130,0.14,1.06,0.15,
2F,135,22,15,93,9300,13,10070,0.14,1.08,0.15,
2F,135,22,12,93,9300,19,10900,0.20,1.17,0.23,
2F,135,23,35,66,6600,10,9040,0.15,1.37,0.21,
2F,135,23,23,66,6600,10,11580,0.15,1.75,0.26,
2F,135,24,14,68,6800,9,9780,0.13,1.44,0.19,
2F,144,01,45,203,20300,21,25960,0.10,1.28,0.13,
2F,144,02,13,284,28400,38,32780,0.13,1.15,0.15,
2F,144,05,13,311,31100,45,32750,0.14,1.05,0.15,
2F,144,16,13,377,37700,58,38350,0.15,1.02,0.15,
2F,144,18,12,268,26800,62,28310,0.23,1.06,0.24,
2F,144,20,12,361,36100,82,39820,0.23,1.10,0.25,
2F,144,21,12,324,32400,73,37040,0.23,1.14,0.26,
2F,144,23,12,276,27600,60,30420,0.22,1.10,0.24,
2F,145,02,12,59,5900,15,8950,0.25,1.52,0.38,
2F,145,05,34,53,5300,6,7320,0.11,1.38,0.15,
2F,145,05,24,53,5300,6,6020,0.11,1.14,0.13,
2F,145,05,14,53,5300,11,5410,0.21,1.02,0.21,
2F,145,07,45,59,5900,9,7930,0.15,1.34,0.20,
2F,145,07,14,59,5900,18,7540,0.31,1.28,0.40,
2F,145,07,13,59,5900,9,6230,0.15,1.06,0.16,
2F,145,15,45,55,5500,12,6730,0.22,1.22,0.27,
2F,145,16,15,59,5900,9,7880,0.15,1.34,0.20,
2F,145,16,12,59,5900,9,7940,0.15,1.35,0.20,
2F,145,22,45,50,5000,6,5270,0.12,1.05,0.13,
2F,145,22,13,50,5000,7,8800,0.14,1.76,0.25,
2F,151,11,13,328,32800,52,33220,0.16,1.01,0.16,
2F,151,16,14,634,63400,106,64410,0.17,1.02,0.17,
2F,151,18,12,958,95800,250,103270,0.26,1.08,0.28,
2F,151,22,13,439,43900,75,45410,0.17,1.03,0.18,
2F,151,24,15,593,59300,178,61410,0.30,1.04,0.31,
2F,155,08,14,291,29100,32,30310,0.11,1.04,0.11,
2F,155,10,13,205,20500,33,21240,0.16,1.04,0.17,
2F,155,10,12,205,20500,41,22790,0.20,1.11,0.22,
2F,155,11,12,218,21800,42,27370,0.19,1.26,0.24,
2F,155,17,13,238,23800,38,25200,0.16,1.06,0.17,
2F,155,18,12,323,32300,84,40690,0.26,1.26,0.33,
2F,155,19,13,186,18600,26,18950,0.14,1.02,0.14,
2F,155,19,12,186,18600,37,18730,0.20,1.01,0.20,
2F,155,20,14,198,19800,20,27090,0.10,1.37,0.14,
2F,155,23,12,207,20700,40,20950,0.19,1.01,0.19,
2F,155,24,12,165,16500,32,17140,0.19,1.04,0.20,
2F,161,02,16,174,17400,55,18010,0.32,1.04,0.33,
2F,161,04,15,281,28100,27,28880,0.10,1.03,0.10,
2F,161,05,16,233,23300,69,23960,0.30,1.03,0.31,
2F,161,10,13,223,22300,36,23590,0.16,1.06,0.17,
2F,161,15,16,288,28800,93,31070,0.32,1.08,0.35,
2F,161,16,12,228,22800,37,23150,0.16,1.02,0.16,
2F,161,22,12,217,21700,49,26530,0.23,1.22,0.28,
2F,166,01,56,79,7900,9,11300,0.11,1.43,0.16,
2F,166,01,46,79,7900,9,9820,0.11,1.24,0.14,
2F,166,01,12,79,7900,8,8030,0.10,1.02,0.10,
2F,166,02,16,69,6900,17,7060,0.25,1.02,0.26,
2F,166,02,14,69,6900,7,6970,0.10,1.01,0.10,
2F,166,04,56,112,11200,15,20580,0.13,1.84,0.24,
2F,166,05,16,80,8000,21,8240,0.26,1.03,0.27,
2F,166,06,14,101,10100,13,12920,0.13,1.28,0.17,
2F,166,06,12,101,10100,19,10890,0.19,1.08,0.21,
2F,166,07,26,114,11400,17,20750,0.15,1.82,0.27,
2F,166,08,46,165,16500,17,41050,0.10,2.49,0.25,
2F,166,09,56,91,9100,9,16670,0.10,1.83,0.18,
2F,166,09,12,91,9100,18,10440,0.20,1.15,0.23,
2F,166,10,56,61,6100,6,9680,0.10,1.59,0.16,
2F,166,16,26,57,5700,8,6860,0.14,1.20,0.17,
2F,166,16,13,57,5700,8,6530,0.14,1.15,0.16,
2F,166,17,13,57,5700,10,13330,0.18,2.34,0.42,
2F,166,17,12,57,5700,7,7190,0.12,1.26,0.15,
2F,166,18,16,108,10800,35,12140,0.32,1.12,0.36,
2F,166,19,26,63,6300,9,7560,0.14,1.20,0.17,
2F,166,19,13,63,6300,14,8360,0.22,1.33,0.29,
2F,166,20,36,83,8300,10,10770,0.12,1.30,0.16,
2F,166,22,13,72,7200,10,8790,0.14,1.22,0.17,
2F,166,24,36,72,7200,7,11290,0.10,1.57,0.16,
2F,211,05,23,53,5300,9,7030,0.17,1.33,0.23,
2F,211,05,12,53,5300,20,5740,0.38,1.08,0.41,
2F,211,23,23,50,5000,7,7360,0.14,1.47,0.21,
2F,211,23,12,50,5000,26,5600,0.52,1.12,0.58,
2F,212,11,25,563,56300,55,59340,0.10,1.05,0.11,
2F,212,24,23,801,80100,133,84680,0.17,1.06,0.18,
2F,215,02,12,58,5800,18,6240,0.31,1.08,0.33,
2F,215,03,13,83,8300,9,8970,0.11,1.08,0.12,
2F,215,03,12,83,8300,27,9300,0.33,1.12,0.37,
2F,215,05,15,51,5100,7,5660,0.14,1.11,0.16,
2F,215,06,12,71,7100,26,7910,0.37,1.11,0.41,
2F,215,10,12,52,5200,18,6560,0.35,1.26,0.44,
2F,215,13,23,61,6100,8,6380,0.13,1.05,0.14,
2F,215,14,12,57,5700,19,7020,0.33,1.23,0.41,
2F,215,16,35,68,6800,9,13050,0.13,1.92,0.25,
2F,215,16,15,68,6800,7,8190,0.10,1.20,0.12,
2F,215,16,12,68,6800,21,8030,0.31,1.18,0.37,
2F,232,01,24,252,25200,28,26400,0.11,1.05,0.12,
2F,232,02,26,449,44900,44,46020,0.10,1.02,0.10,
2F,232,02,12,449,44900,79,47060,0.18,1.05,0.19,
2F,232,03,24,204,20400,21,21800,0.10,1.07,0.11,
2F,232,04,24,329,32900,34,33380,0.10,1.01,0.10,
2F,232,06,12,298,29800,52,32590,0.17,1.09,0.19,
2F,232,07,26,293,29300,39,30760,0.13,1.05,0.14,
2F,232,11,25,301,30100,31,31990,0.10,1.06,0.11,
2F,232,11,24,301,30100,31,30360,0.10,1.01,0.10,
2F,232,14,12,199,19900,33,20140,0.17,1.01,0.17,
2F,232,15,24,174,17400,21,23220,0.12,1.33,0.16,
2F,232,15,12,174,17400,33,20130,0.19,1.16,0.22,
2F,232,16,24,225,22500,26,22690,0.12,1.01,0.12,
2F,232,18,24,190,19000,28,26620,0.15,1.40,0.21,
2F,232,19,23,189,18900,67,19210,0.35,1.02,0.36,
2F,232,19,13,189,18900,18,21720,0.10,1.15,0.12,
2F,232,20,23,214,21400,81,21980,0.38,1.03,0.39,
2F,242,01,23,321,32100,59,34120,0.18,1.06,0.19,
2F,242,02,12,552,55200,106,59240,0.19,1.07,0.20,
2F,242,08,23,309,30900,57,32380,0.18,1.05,0.19,
2F,242,10,23,264,26400,49,28810,0.19,1.09,0.21,
2F,242,12,23,180,18000,31,23340,0.17,1.30,0.22,
2F,242,13,12,257,25700,57,26440,0.22,1.03,0.23,
2F,242,14,23,224,22400,37,24280,0.17,1.08,0.18,
2F,242,15,23,205,20500,38,23890,0.19,1.17,0.22,
2F,242,19,23,247,24700,40,25900,0.16,1.05,0.17,
2F,242,19,12,247,24700,53,27630,0.21,1.12,0.24,
2F,242,20,12,234,23400,51,25190,0.22,1.08,0.24,
2F,242,21,26,200,20000,23,29660,0.12,1.48,0.18,
2F,242,23,24,316,31600,110,32820,0.35,1.04,0.36,
2F,244,02,45,68,6800,7,9330,0.10,1.37,0.14,
2F,244,03,45,60,6000,7,7140,0.12,1.19,0.14,
2F,244,05,24,57,5700,16,5740,0.28,1.01,0.28,
2F,244,05,12,57,5700,13,5810,0.23,1.02,0.23,
2F,244,06,46,55,5500,9,9820,0.16,1.79,0.29,
2F,244,08,23,57,5700,8,7090,0.14,1.24,0.17,
2F,244,10,26,50,5000,5,10990,0.10,2.20,0.22,
2F,244,10,25,50,5000,6,7750,0.12,1.55,0.19,
2F,244,11,34,62,6200,7,8620,0.11,1.39,0.15,
2F,244,13,34,60,6000,6,6650,0.10,1.11,0.11,
2F,244,13,13,60,6000,6,8880,0.10,1.48,0.15,
2F,244,13,12,60,6000,15,6210,0.25,1.04,0.26,
2F,244,14,45,52,5200,6,10040,0.12,1.93,0.23,
2F,244,14,12,52,5200,12,5830,0.23,1.12,0.26,
2F,244,16,14,51,5100,5,6340,0.10,1.24,0.12,
2F,252,01,25,116,11600,41,13940,0.35,1.20,0.42,
2F,252,02,12,160,16000,22,17200,0.14,1.08,0.15,
2F,252,03,15,59,5900,7,9400,0.12,1.59,0.19,
2F,252,06,24,150,15000,18,18890,0.12,1.26,0.15,
2F,252,08,23,96,9600,18,12200,0.19,1.27,0.24,
2F,252,10,12,81,8100,18,11120,0.22,1.37,0.30,
2F,252,11,23,121,12100,18,14400,0.15,1.19,0.18,
2F,252,11,12,121,12100,18,13640,0.15,1.13,0.17,
2F,252,12,15,52,5200,5,12530,0.10,2.41,0.24,
2F,252,13,23,73,7300,15,9180,0.21,1.26,0.26,
2F,252,14,24,53,5300,9,7000,0.17,1.32,0.22,
2F,252,14,12,53,5300,8,5330,0.15,1.01,0.15,
2F,252,17,12,93,9300,17,10950,0.18,1.18,0.21,
2F,252,19,12,99,9900,22,10660,0.22,1.08,0.24,
2F,252,20,35,87,8700,9,11970,0.10,1.38,0.14,
2F,252,21,24,71,7100,12,8420,0.17,1.19,0.20,
2F,252,23,25,122,12200,36,12280,0.30,1.01,0.30,
2F,255,01,23,63,6300,10,9630,0.16,1.53,0.24,
2F,255,03,12,61,6100,19,9550,0.31,1.57,0.49,
2F,255,05,12,70,7000,15,8050,0.21,1.15,0.24,
2F,255,06,45,71,7100,9,13330,0.13,1.88,0.24,
2F,255,06,12,71,7100,14,7730,0.20,1.09,0.22,
2F,255,07,45,51,5100,5,6150,0.10,1.21,0.12,
2F,255,07,26,51,5100,5,6560,0.10,1.29,0.13,
2F,255,07,15,51,5100,8,5690,0.16,1.12,0.18,
2F,255,08,35,54,5400,6,9000,0.11,1.67,0.18,
2F,255,08,23,54,5400,11,7560,0.20,1.40,0.28,
2F,255,11,24,83,8300,14,11950,0.17,1.44,0.24,
2F,255,15,45,62,6200,7,6620,0.11,1.07,0.12,
2F,255,15,15,62,6200,7,7710,0.11,1.24,0.14,
2F,255,16,45,67,6700,7,10220,0.10,1.53,0.15,
2F,255,16,23,67,6700,9,7100,0.13,1.06,0.14,
2F,255,18,24,55,5500,6,6410,0.11,1.17,0.13,
2F,255,18,12,55,5500,13,7900,0.24,1.44,0.35,
2F,255,22,25,78,7800,27,9280,0.35,1.19,0.42,
2F,262,05,23,73,7300,11,7510,0.15,1.03,0.15,
2F,262,05,12,73,7300,14,8880,0.19,1.22,0.23,
2F,262,09,25,90,9000,10,10420,0.11,1.16,0.13,
2F,262,09,24,90,9000,11,14590,0.12,1.62,0.19,
2F,262,09,23,90,9000,13,9800,0.14,1.09,0.15,
2F,262,09,16,90,9000,10,9930,0.11,1.10,0.12,
2F,262,10,12,60,6000,7,7390,0.12,1.23,0.15,
2F,262,11,23,80,8000,9,8250,0.11,1.03,0.11,
2F,262,13,46,54,5400,6,9690,0.11,1.79,0.20,
2F,262,15,12,53,5300,10,6570,0.19,1.24,0.24,
2F,262,17,36,57,5700,6,10770,0.11,1.89,0.21,
2F,262,18,24,80,8000,8,8230,0.10,1.03,0.10,
2F,262,18,23,80,8000,13,8360,0.16,1.05,0.17,
2F,262,19,16,69,6900,7,12550,0.10,1.82,0.18,
2F,262,22,23,68,6800,9,7090,0.13,1.04,0.14,
2F,262,22,12,68,6800,14,9440,0.21,1.39,0.29,
2F,262,24,12,62,6200,13,6950,0.21,1.12,0.24,
2F,311,03,23,180,18000,25,22550,0.14,1.25,0.18,
2F,311,04,23,121,12100,21,19390,0.17,1.60,0.27,
2F,311,07,14,103,10300,13,12370,0.13,1.20,0.16,
2F,311,08,23,189,18900,20,23930,0.11,1.27,0.14,
2F,311,09,23,99,9900,11,12330,0.11,1.25,0.14,
2F,311,10,23,152,15200,15,15630,0.10,1.03,0.10,
2F,311,10,14,152,15200,17,15600,0.11,1.03,0.11,
2F,311,12,23,142,14200,18,19560,0.13,1.38,0.18,
2F,311,14,12,102,10200,12,12630,0.12,1.24,0.15,
2F,311,15,23,111,11100,13,11990,0.12,1.08,0.13,
2F,311,18,15,59,5900,6,7810,0.10,1.32,0.13,
2F,311,18,12,59,5900,10,7440,0.17,1.26,0.21,
2F,311,19,14,154,15400,19,17150,0.12,1.11,0.13,
2F,311,19,12,154,15400,22,17850,0.14,1.16,0.16,
2F,311,23,14,115,11500,13,12880,0.11,1.12,0.12,
2F,311,23,12,115,11500,20,12700,0.17,1.10,0.19,
2F,311,24,12,57,5700,11,6190,0.19,1.09,0.21,
2F,313,05,12,715,71500,83,74990,0.12,1.05,0.13,
2F,313,06,23,844,84400,103,90780,0.12,1.08,0.13,
2F,313,13,23,749,74900,106,83270,0.14,1.11,0.16,
2F,313,14,12,409,40900,41,42360,0.10,1.04,0.10,
2F,313,17,23,547,54700,79,59860,0.14,1.09,0.15,
2F,313,19,12,667,66700,79,67290,0.12,1.01,0.12,
2F,313,20,23,954,95400,103,97550,0.11,1.02,0.11,
2F,313,22,12,897,89700,90,93740,0.10,1.05,0.11,
2F,315,01,23,50,5000,5,5440,0.10,1.09,0.11,
2F,315,01,12,50,5000,8,5910,0.16,1.18,0.19,
2F,315,02,23,73,7300,13,9600,0.18,1.32,0.24,
2F,315,03,35,55,5500,14,7220,0.25,1.31,0.33,
2F,315,08,12,60,6000,13,9580,0.22,1.60,0.35,
2F,315,09,14,51,5100,7,15980,0.14,3.13,0.44,
2F,315,16,15,67,6700,7,7350,0.10,1.10,0.11,
2F,315,16,12,67,6700,11,9970,0.16,1.49,0.24,
2F,315,22,35,52,5200,7,5890,0.13,1.13,0.15,
2F,315,22,13,52,5200,16,6210,0.31,1.19,0.37,
2F,315,22,12,52,5200,9,6800,0.17,1.31,0.22,
2F,322,02,12,83,8300,16,8510,0.19,1.03,0.20,
2F,322,04,34,52,5200,6,6130,0.12,1.18,0.14,
2F,322,04,24,52,5200,5,6130,0.10,1.18,0.12,
2F,322,04,23,52,5200,21,6170,0.40,1.19,0.48,
2F,322,05,12,76,7600,13,7840,0.17,1.03,0.18,
2F,322,06,24,51,5100,9,9340,0.18,1.83,0.33,
2F,322,06,12,51,5100,10,8580,0.20,1.68,0.34,
2F,322,07,36,53,5300,8,9680,0.15,1.83,0.27,
2F,322,07,12,53,5300,11,7360,0.21,1.39,0.29,
2F,322,08,25,58,5800,7,12230,0.12,2.11,0.25,
2F,322,08,24,58,5800,8,6660,0.14,1.15,0.16,
2F,322,09,23,69,6900,31,8780,0.45,1.27,0.57,
2F,322,10,26,50,5000,5,13870,0.10,2.77,0.28,
2F,322,10,24,50,5000,8,13970,0.16,2.79,0.45,
2F,322,22,12,59,5900,12,7220,0.20,1.22,0.24,
2F,323,03,34,162,16200,22,19170,0.14,1.18,0.17,
2F,323,03,12,162,16200,22,17280,0.14,1.07,0.15,
2F,323,10,23,239,23900,88,24700,0.37,1.03,0.38,
2F,323,11,12,226,22600,30,25280,0.13,1.12,0.15,
2F,323,12,23,138,13800,54,14370,0.39,1.04,0.41,
2F,323,14,24,163,16300,16,21910,0.10,1.34,0.13,
2F,323,14,12,163,16300,18,16390,0.11,1.01,0.11,
2F,323,15,23,188,18800,70,19880,0.37,1.06,0.39,
2F,323,18,23,118,11800,40,11990,0.34,1.02,0.35,
2F,323,18,13,118,11800,20,12410,0.17,1.05,0.18,
2F,323,20,12,177,17700,22,20220,0.12,1.14,0.14,
2F,323,21,34,130,13000,20,16220,0.15,1.25,0.19,
2F,323,22,23,296,29600,103,29880,0.35,1.01,0.35,
2F,323,23,23,185,18500,66,19540,0.36,1.06,0.38,
2F,323,24,24,122,12200,12,14210,0.10,1.16,0.12,
2F,323,24,12,122,12200,12,12350,0.10,1.01,0.10,
2F,343,01,23,212,21200,35,24880,0.17,1.17,0.20,
2F,343,02,23,438,43800,60,44270,0.14,1.01,0.14,
2F,343,03,23,81,8100,12,8890,0.15,1.10,0.17,
2F,343,05,14,342,34200,36,40690,0.11,1.19,0.13,
2F,343,06,23,236,23600,39,28200,0.17,1.19,0.20,
2F,343,07,36,159,15900,16,16080,0.10,1.01,0.10,
2F,343,09,23,143,14300,23,14720,0.16,1.03,0.16,
2F,343,09,14,143,14300,14,17950,0.10,1.26,0.13,
2F,343,12,13,114,11400,21,12110,0.18,1.06,0.19,
2F,343,13,13,205,20500,40,25060,0.20,1.22,0.24,
2F,343,17,23,169,16900,26,18150,0.15,1.07,0.16,
2F,343,18,23,117,11700,26,20500,0.22,1.75,0.39,
2F,343,20,36,155,15500,19,16320,0.12,1.05,0.13,
2F,343,20,23,155,15500,20,16150,0.13,1.04,0.14,
2F,343,23,23,172,17200,26,17950,0.15,1.04,0.16,
2F,343,24,24,122,12200,13,13440,0.11,1.10,0.12,
2F,344,02,34,85,8500,26,9510,0.31,1.12,0.35,
2F,344,05,45,69,6900,8,10180,0.12,1.48,0.18,
2F,344,06,34,54,5400,18,5830,0.33,1.08,0.36,
2F,344,06,12,54,5400,7,8830,0.13,1.64,0.21,
2F,353,01,34,75,7500,11,7810,0.15,1.04,0.16,
2F,353,02,23,94,9400,15,11760,0.16,1.25,0.20,
2F,353,04,36,84,8400,9,12230,0.11,1.46,0.16,
2F,353,04,25,84,8400,8,9340,0.10,1.11,0.11,
2F,353,05,23,67,6700,9,8040,0.13,1.20,0.16,
2F,353,09,35,71,7100,23,7480,0.32,1.05,0.34,
2F,353,09,23,71,7100,10,7570,0.14,1.07,0.15,
2F,353,11,34,102,10200,12,10680,0.12,1.05,0.13,
2F,353,12,35,55,5500,20,5640,0.36,1.03,0.37,
2F,353,15,56,52,5200,5,11290,0.10,2.17,0.22,
2F,353,15,34,52,5200,7,6670,0.13,1.28,0.17,
2F,353,15,15,52,5200,5,7580,0.10,1.46,0.15,
2F,353,16,34,61,6100,8,6210,0.13,1.02,0.13,
2F,353,16,13,61,6100,12,7030,0.20,1.15,0.23,
2F,353,17,23,74,7400,11,7920,0.15,1.07,0.16,
2F,353,19,25,70,7000,7,9670,0.10,1.38,0.14,
2F,353,20,23,76,7600,13,9250,0.17,1.22,0.21,
2F,353,22,23,72,7200,15,11190,0.21,1.55,0.33,
2F,353,23,23,58,5800,10,6170,0.17,1.06,0.18,
2F,355,01,45,56,5600,6,7630,0.11,1.36,0.15,
2F,355,01,34,56,5600,9,7820,0.16,1.40,0.22,
2F,355,02,15,90,9000,10,10090,0.11,1.12,0.12,
2F,355,02,13,90,9000,16,9980,0.18,1.11,0.20,
2F,355,04,35,73,7300,25,7810,0.34,1.07,0.36,
2F,355,06,56,60,6000,6,9110,0.10,1.52,0.15,
2F,355,06,15,60,6000,9,7600,0.15,1.27,0.19,
2F,355,11,15,56,5600,8,8030,0.14,1.43,0.20,
2F,363,04,26,62,6200,7,9360,0.11,1.51,0.17,
2F,363,04,23,62,6200,8,7490,0.13,1.21,0.16,
2F,363,05,36,50,5000,15,5240,0.30,1.05,0.32,
2F,363,05,23,50,5000,9,9680,0.18,1.94,0.35,
2F,363,05,13,50,5000,9,5310,0.18,1.06,0.19,
2F,363,06,26,70,7000,7,10960,0.10,1.57,0.16,
2F,363,06,16,70,7000,7,7180,0.10,1.03,0.10,
2F,363,09,35,52,5200,6,8080,0.12,1.55,0.19,
2F,363,09,16,52,5200,5,5330,0.10,1.03,0.10,
2F,363,09,13,52,5200,12,5390,0.23,1.04,0.24,
2F,363,10,12,60,6000,6,8920,0.10,1.49,0.15,
2F,363,11,36,61,6100,19,6260,0.31,1.03,0.32,
2F,363,11,13,61,6100,9,7270,0.15,1.19,0.18,
2F,411,01,14,83,8300,31,8950,0.37,1.08,0.40,
2F,411,03,13,117,11700,20,12710,0.17,1.09,0.19,
2F,411,04,14,99,9900,27,9980,0.27,1.01,0.27,
2F,411,04,12,99,9900,15,10120,0.15,1.02,0.15,
2F,411,06,24,75,7500,11,10550,0.15,1.41,0.21,
2F,411,06,12,75,7500,13,7550,0.17,1.01,0.17,
2F,411,09,12,93,9300,20,15990,0.22,1.72,0.38,
2F,411,11,45,84,8400,8,12770,0.10,1.52,0.15,
2F,411,11,24,84,8400,12,13980,0.14,1.66,0.23,
2F,411,12,12,92,9200,14,9970,0.15,1.08,0.16,
2F,411,13,45,98,9800,12,13910,0.12,1.42,0.17,
2F,411,13,14,98,9800,41,10410,0.42,1.06,0.45,
2F,411,14,12,115,11500,18,13610,0.16,1.18,0.19,
2F,411,16,13,99,9900,12,10910,0.12,1.10,0.13,
2F,411,16,12,99,9900,14,11510,0.14,1.16,0.16,
2F,411,17,14,80,8000,26,8640,0.33,1.08,0.36,
2F,411,17,13,80,8000,14,9250,0.18,1.16,0.21,
2F,411,18,13,57,5700,8,7010,0.14,1.23,0.17,
2F,411,22,34,96,9600,12,12310,0.13,1.28,0.17,
2F,411,23,24,58,5800,8,6420,0.14,1.11,0.16,
2F,414,03,12,598,59800,89,69410,0.15,1.16,0.17,
2F,414,06,45,792,79200,95,79680,0.12,1.01,0.12,
2F,414,11,12,792,79200,101,79990,0.13,1.01,0.13,
2F,414,14,45,543,54300,56,55030,0.10,1.01,0.10,
2F,414,16,12,830,83000,107,85740,0.13,1.03,0.13,
2F,414,17,45,581,58100,64,59280,0.11,1.02,0.11,
2F,414,17,13,581,58100,70,62370,0.12,1.07,0.13,
2F,414,18,12,459,45900,63,46760,0.14,1.02,0.14,
2F,414,23,12,593,59300,78,61300,0.13,1.03,0.13,
2F,422,01,45,58,5800,7,6800,0.12,1.17,0.14,
2F,422,04,23,62,6200,7,8330,0.11,1.34,0.15,
2F,422,04,14,62,6200,10,8960,0.16,1.45,0.23,
2F,422,04,12,62,6200,12,6970,0.19,1.12,0.21,
2F,422,05,23,76,7600,12,10210,0.16,1.34,0.21,
2F,422,05,12,76,7600,14,8990,0.18,1.18,0.21,
2F,422,06,23,60,6000,11,9250,0.18,1.54,0.28,
2F,422,06,14,60,6000,8,6030,0.13,1.01,0.13,
2F,422,08,23,82,8200,9,9380,0.11,1.14,0.13,
2F,422,09,24,61,6100,24,7790,0.39,1.28,0.50,
2F,422,10,34,54,5400,6,9720,0.11,1.80,0.20,
2F,422,10,12,54,5400,7,6810,0.13,1.26,0.16,
2F,422,19,45,50,5000,5,7940,0.10,1.59,0.16,
2F,422,19,12,50,5000,12,5220,0.24,1.04,0.25,
2F,422,22,14,77,7700,13,9350,0.17,1.21,0.21,
2F,424,03,34,182,18200,23,24700,0.13,1.36,0.18,
2F,424,04,45,397,39700,44,44900,0.11,1.13,0.12,
2F,424,04,12,397,39700,56,47600,0.14,1.20,0.17,
2F,424,06,34,319,31900,32,32250,0.10,1.01,0.10,
2F,424,06,23,319,31900,33,33850,0.10,1.06,0.11,
2F,424,07,45,157,15700,19,22630,0.12,1.44,0.17,
2F,424,09,23,207,20700,23,26740,0.11,1.29,0.14,
2F,424,10,34,216,21600,25,26530,0.12,1.23,0.15,
2F,424,12,23,133,13300,14,16350,0.11,1.23,0.14,
2F,424,14,34,204,20400,25,25440,0.12,1.25,0.15,
2F,424,14,23,204,20400,22,22150,0.11,1.09,0.12,
2F,424,15,23,188,18800,19,26970,0.10,1.43,0.14,
2F,424,15,12,188,18800,22,19020,0.12,1.01,0.12,
2F,424,18,14,143,14300,19,14940,0.13,1.04,0.14,
2F,424,18,12,143,14300,24,20550,0.17,1.44,0.24,
2F,424,19,12,216,21600,31,23860,0.14,1.10,0.15,
2F,424,20,46,179,17900,18,20850,0.10,1.16,0.12,
2F,424,21,34,182,18200,20,21200,0.11,1.16,0.13,
2F,424,22,23,477,47700,55,58980,0.12,1.24,0.15,
2F,424,23,34,186,18600,22,20090,0.12,1.08,0.13,
2F,424,23,23,186,18600,19,21470,0.10,1.15,0.12,
2F,424,23,12,186,18600,25,21580,0.13,1.16,0.15,
2F,424,24,34,112,11200,15,18830,0.13,1.68,0.22,
2F,434,01,23,268,26800,27,30370,0.10,1.13,0.11,
2F,434,07,24,169,16900,21,21330,0.12,1.26,0.15,
2F,434,09,45,161,16100,18,25960,0.11,1.61,0.18,
2F,434,09,23,161,16100,17,18450,0.11,1.15,0.13,
2F,434,12,24,122,12200,19,14930,0.16,1.22,0.20,
2F,434,12,23,122,12200,12,13390,0.10,1.10,0.11,
2F,434,13,45,184,18400,26,24860,0.14,1.35,0.19,
2F,434,13,24,184,18400,28,22900,0.15,1.24,0.19,
2F,434,15,14,179,17900,28,21470,0.16,1.20,0.19,
2F,434,16,23,160,16000,18,16960,0.11,1.06,0.12,
2F,434,16,14,160,16000,26,19110,0.16,1.19,0.19,
2F,434,17,24,147,14700,21,18820,0.14,1.28,0.18,
2F,434,17,23,147,14700,18,15340,0.12,1.04,0.12,
2F,434,18,24,93,9300,12,14620,0.13,1.57,0.20,
2F,434,19,23,135,13500,16,14780,0.12,1.09,0.13,
2F,434,19,13,135,13500,16,17290,0.12,1.28,0.15,
2F,434,20,12,167,16700,18,21930,0.11,1.31,0.14,
2F,434,21,23,86,8600,12,11700,0.14,1.36,0.19,
2F,434,22,23,389,38900,42,47670,0.11,1.23,0.14,
2F,434,23,13,121,12100,14,16090,0.12,1.33,0.16,
2F,434,24,45,70,7000,7,8150,0.10,1.16,0.12,
2F,434,24,23,70,7000,7,9450,0.10,1.35,0.14,
2F,454,01,12,59,5900,6,8830,0.10,1.50,0.15,
2F,454,04,46,51,5100,7,9980,0.14,1.96,0.27,
2F,454,04,35,51,5100,6,8080,0.12,1.58,0.19,
2F,454,04,34,51,5100,6,5610,0.12,1.10,0.13,
2F,454,04,15,51,5100,6,5200,0.12,1.02,0.12,
2F,454,05,24,50,5000,8,7490,0.16,1.50,0.24,
2F,454,22,45,78,7800,23,8010,0.29,1.03,0.30,
2F,515,01,12,390,39000,49,45000,0.13,1.15,0.15,
2F,515,02,12,287,28700,34,31310,0.12,1.09,0.13,
2F,515,03,35,154,15400,20,15610,0.13,1.01,0.13,
2F,515,05,12,244,24400,34,25920,0.14,1.06,0.15,
2F,515,06,25,343,34300,58,34870,0.17,1.02,0.17,
2F,515,06,12,343,34300,50,39770,0.15,1.16,0.17,
2F,515,08,45,284,28400,37,29320,0.13,1.03,0.13,
2F,515,10,25,226,22600,24,23970,0.11,1.06,0.12,
2F,515,10,12,226,22600,24,23630,0.11,1.05,0.12,
2F,515,11,45,223,22300,22,23750,0.10,1.07,0.11,
2F,515,11,25,223,22300,28,22770,0.13,1.02,0.13,
2F,515,11,15,223,22300,58,23470,0.26,1.05,0.27,
2F,515,13,35,264,26400,32,29310,0.12,1.11,0.13,
2F,515,14,45,161,16100,19,16740,0.12,1.04,0.12,
2F,515,14,35,161,16100,18,16560,0.11,1.03,0.11,
2F,515,15,13,224,22400,23,24860,0.10,1.11,0.11,
2F,515,16,25,167,16700,26,22820,0.16,1.37,0.22,
2F,515,17,56,231,23100,26,27860,0.11,1.21,0.13,
2F,515,17,13,231,23100,24,23520,0.10,1.02,0.10,
2F,515,17,12,231,23100,27,24350,0.12,1.05,0.13,
2F,515,18,13,259,25900,30,27890,0.12,1.08,0.13,
2F,515,19,15,161,16100,53,17130,0.33,1.06,0.35,
2F,515,19,12,161,16100,24,16670,0.15,1.04,0.16,
2F,515,20,45,186,18600,25,18830,0.13,1.01,0.13,
2F,515,24,45,92,9200,11,9290,0.12,1.01,0.12,
2F,525,02,24,134,13400,15,14140,0.11,1.06,0.12,
2F,525,02,23,134,13400,15,23070,0.11,1.72,0.19,
2F,525,03,15,57,5700,11,8100,0.19,1.42,0.27,
2F,525,05,45,153,15300,15,15460,0.10,1.01,0.10,
2F,525,05,12,153,15300,26,21510,0.17,1.41,0.24,
2F,525,06,56,153,15300,17,17900,0.11,1.17,0.13,
2F,525,07,56,83,8300,8,8400,0.10,1.01,0.10,
2F,525,09,23,121,12100,18,20180,0.15,1.67,0.25,
2F,525,09,15,121,12100,18,14090,0.15,1.16,0.17,
2F,525,10,12,98,9800,18,13610,0.18,1.39,0.25,
2F,525,11,35,122,12200,16,16730,0.13,1.37,0.18,
2F,525,11,23,122,12200,15,16390,0.12,1.34,0.16,
2F,525,12,35,62,6200,6,8050,0.10,1.30,0.13,
2F,525,13,24,80,8000,11,16830,0.14,2.10,0.29,
2F,525,13,12,80,8000,11,10140,0.14,1.27,0.18,
2F,525,14,15,88,8800,10,9690,0.11,1.10,0.12,
2F,525,15,35,93,9300,11,10490,0.12,1.13,0.14,
2F,525,15,12,93,9300,15,11930,0.16,1.28,0.20,
2F,525,16,34,73,7300,7,34160,0.10,4.68,0.47,
2F,525,17,56,89,8900,9,10300,0.10,1.16,0.12,
2F,525,17,35,89,8900,10,11500,0.11,1.29,0.14,
2F,525,18,24,91,9100,9,10520,0.10,1.16,0.12,
2F,525,19,23,80,8000,12,19010,0.15,2.38,0.36,
2F,525,19,12,80,8000,11,8250,0.14,1.03,0.14,
2F,525,20,45,71,7100,9,12100,0.13,1.70,0.22,
2F,525,20,26,71,7100,8,9920,0.11,1.40,0.15,
2F,525,21,15,51,5100,7,5180,0.14,1.02,0.14,
2F,525,21,12,51,5100,9,7680,0.18,1.51,0.27,
2F,525,22,23,134,13400,19,18320,0.14,1.37,0.19,
2F,535,01,23,115,11500,15,13040,0.13,1.13,0.15,
2F,535,04,35,127,12700,39,13130,0.31,1.03,0.32,
2F,535,05,34,105,10500,11,11340,0.10,1.08,0.11,
2F,535,05,25,105,10500,12,22240,0.11,2.12,0.23,
2F,535,06,25,113,11300,16,13120,0.14,1.16,0.16,
2F,535,06,13,113,11300,20,15440,0.18,1.37,0.25,
2F,535,07,23,64,6400,8,7080,0.13,1.11,0.14,
2F,535,08,45,73,7300,7,12410,0.10,1.70,0.17,
2F,535,09,34,92,9200,11,13960,0.12,1.52,0.18,
2F,535,10,23,74,7400,9,8790,0.12,1.19,0.14,
2F,535,10,13,74,7400,8,7560,0.11,1.02,0.11,
2F,535,13,23,51,5100,9,8930,0.18,1.75,0.32,
2F,535,13,13,51,5100,7,6170,0.14,1.21,0.17,
2F,535,14,35,78,7800,22,8270,0.28,1.06,0.30,
2F,535,14,23,78,7800,11,12630,0.14,1.62,0.23,
2F,535,15,45,118,11800,12,13860,0.10,1.17,0.12,
2F,535,16,15,59,5900,10,6820,0.17,1.16,0.20,
2F,535,16,12,59,5900,6,9590,0.10,1.63,0.16,
2F,535,17,45,74,7400,12,16440,0.16,2.22,0.36,
2F,535,17,34,74,7400,8,14820,0.11,2.00,0.22,
2F,535,18,25,72,7200,14,10080,0.19,1.40,0.27,
2F,535,18,23,72,7200,8,12110,0.11,1.68,0.18,
2F,535,18,15,72,7200,11,7870,0.15,1.09,0.16,
2F,535,19,23,52,5200,6,9690,0.12,1.86,0.22,
2F,535,19,15,52,5200,7,6790,0.13,1.31,0.17,
2F,535,20,56,69,6900,14,11250,0.20,1.63,0.33,
2F,535,20,23,69,6900,7,7660,0.10,1.11,0.11,
2F,535,22,23,131,13100,18,28840,0.14,2.20,0.31,
2F,545,01,15,54,5400,9,7080,0.17,1.31,0.22,
2F,545,01,14,54,5400,6,6510,0.11,1.21,0.13,
2F,545,02,35,68,6800,13,12280,0.19,1.81,0.34,
2F,545,02,25,68,6800,8,7630,0.12,1.12,0.13,
2F,545,04,56,54,5400,7,7350,0.13,1.36,0.18,
2F,545,04,34,54,5400,6,8750,0.11,1.62,0.18,
2F,545,05,25,59,5900,11,6120,0.19,1.04,0.20,
2F,545,22,35,67,6700,12,7020,0.18,1.05,0.19,
2F,611,08,46,51,5100,6,7460,0.12,1.46,0.18,
2F,611,08,26,51,5100,6,7950,0.12,1.56,0.19,
2F,611,08,13,51,5100,9,5220,0.18,1.02,0.18,
2F,616,01,56,132,13200,14,13360,0.11,1.01,0.11,
2F,616,01,46,132,13200,15,14900,0.11,1.13,0.12,
2F,616,01,36,132,13200,20,14680,0.15,1.11,0.17,
2F,616,02,56,112,11200,16,17590,0.14,1.57,0.22,
2F,616,02,46,112,11200,12,12720,0.11,1.14,0.13,
2F,616,02,36,112,11200,15,12660,0.13,1.13,0.15,
2F,616,04,56,158,15800,18,18500,0.11,1.17,0.13,
2F,616,04,26,158,15800,24,18870,0.15,1.19,0.18,
2F,616,06,36,207,20700,23,21660,0.11,1.05,0.12,
2F,616,06,13,207,20700,20,20980,0.10,1.01,0.10,
2F,616,09,56,163,16300,17,18340,0.10,1.13,0.11,
2F,616,09,46,163,16300,18,17520,0.11,1.07,0.12,
2F,616,11,46,85,8500,11,13300,0.13,1.56,0.20,
2F,616,11,36,85,8500,12,9320,0.14,1.10,0.15,
2F,616,11,26,85,8500,10,10240,0.12,1.20,0.14,
2F,616,13,12,146,14600,15,15140,0.10,1.04,0.10,
2F,616,15,46,114,11400,16,11480,0.14,1.01,0.14,
2F,616,16,26,78,7800,12,8340,0.15,1.07,0.16,
2F,616,17,36,90,9000,11,10120,0.12,1.12,0.13,
2F,616,17,26,90,9000,17,11440,0.19,1.27,0.24,
2F,616,18,46,138,13800,19,24490,0.14,1.77,0.25,
2F,616,18,16,138,13800,40,14170,0.29,1.03,0.30,
2F,616,19,16,112,11200,30,11340,0.27,1.01,0.27,
2F,616,20,46,139,13900,18,16500,0.13,1.19,0.15,
2F,616,21,56,73,7300,10,9450,0.14,1.29,0.18,
2F,626,01,16,59,5900,11,6310,0.19,1.07,0.20,
2F,626,01,12,59,5900,7,7260,0.12,1.23,0.15,
2F,626,02,26,60,6000,20,6690,0.33,1.12,0.37,
2F,626,02,12,60,6000,7,6130,0.12,1.02,0.12,
2F,626,04,36,82,8200,11,9320,0.13,1.14,0.15,
2F,626,04,12,82,8200,12,11810,0.15,1.44,0.22,
2F,626,05,12,84,8400,15,12230,0.18,1.46,0.26,
2F,626,07,56,80,8000,8,17050,0.10,2.13,0.21,
2F,626,07,36,80,8000,9,8810,0.11,1.10,0.12,
2F,626,09,26,72,7200,22,7240,0.31,1.01,0.31,
2F,626,09,23,72,7200,8,9650,0.11,1.34,0.15,
2F,626,10,36,86,8600,13,9900,0.15,1.15,0.17,
2F,626,10,16,86,8600,13,9660,0.15,1.12,0.17,
2F,626,14,46,52,5200,6,6200,0.12,1.19,0.14,
2F,626,14,24,52,5200,6,12540,0.12,2.41,0.29,
2F,626,16,16,64,6400,10,6850,0.16,1.07,0.17,
2F,626,16,12,64,6400,11,9190,0.17,1.44,0.24,
2F,626,18,26,55,5500,18,6140,0.33,1.12,0.37,
2F,626,19,36,58,5800,7,6320,0.12,1.09,0.13,
2F,626,19,23,58,5800,6,8280,0.10,1.43,0.14,
2F,626,20,46,55,5500,6,6690,0.11,1.22,0.13,
2F,626,20,36,55,5500,7,5530,0.13,1.01,0.13,
2F,626,22,23,77,7700,9,9760,0.12,1.27,0.15,
2F,636,02,46,86,8600,10,9560,0.12,1.11,0.13,
2F,636,02,23,86,8600,10,15030,0.12,1.75,0.21,
2F,636,04,46,67,6700,9,6740,0.13,1.01,0.13,
2F,636,06,36,79,7900,26,8270,0.33,1.05,0.35,
2F,636,08,23,69,6900,7,9430,0.10,1.37,0.14,
2F,636,09,56,68,6800,7,7760,0.10,1.14,0.11,
2F,636,09,34,68,6800,7,9450,0.10,1.39,0.14,
2F,636,09,23,68,6800,8,13000,0.12,1.91,0.23,
2F,636,10,26,79,7900,12,8350,0.15,1.06,0.16,
2F,636,11,34,69,6900,8,9880,0.12,1.43,0.17,
2F,636,15,56,51,5100,5,6110,0.10,1.20,0.12,
2F,636,15,23,51,5100,6,7740,0.12,1.52,0.18,
2F,636,15,13,51,5100,5,6030,0.10,1.18,0.12,
2F,636,18,16,50,5000,9,5840,0.18,1.17,0.21,
2F,636,19,46,55,5500,6,5850,0.11,1.06,0.12,
2F,636,19,13,55,5500,6,7320,0.11,1.33,0.15,
2F,636,20,46,74,7400,13,9260,0.18,1.25,0.23,
2F,636,20,34,74,7400,8,13090,0.11,1.77,0.19,
2F,636,22,16,63,6300,16,8190,0.25,1.30,0.33,
2F,636,22,13,63,6300,6,6750,0.10,1.07,0.11,
2F,636,24,46,60,6000,11,13990,0.18,2.33,0.42,
2F,636,24,23,60,6000,6,16280,0.10,2.71,0.27,
