201805310055202,20170309,23,唐津,５日目,ip,0,0,,,400000,12,,,16/14.1/5,0,0,S,0,AAABAA
201805310055280,20170310,19,下関,３日目,ip,0,0,,,400000,1,,,34/15.7/5,0,0,S,0,ABBBBB
201805310055330,20170311,06,浜名湖,初日,ip,0,0,,,399900,6,,Bet{2F/12/100/1.3},25/7.8/3,0,100,N,0,AABBAB
201805310055338,20170311,22,福岡,最終日,ip,1,0,,,399800,8,,Bet{2F/12/100/5.3},13/1.2/1,1,100,N,0,ABABBB
201805310055342,20170311,10,三国,４日目,ip,2,0,,,399700,12,,Bet{2F/23/100/7.3},12/1.9/1,1,100,N,0,BAAAAB
201805310055347,20170311,06,浜名湖,初日,ip,3,0,,,399600,11,,Bet{2F/12/100/6.4},45/15.4/5,1,100,N,0,ABAABA
201805310055351,20170311,19,下関,４日目,ip,4,0,,,399500,12,,Bet{2F/15/100/12.8},12/2.0/1,1,100,N,0,AAAABA
201805310055396,20170312,10,三国,最終日,ip,5,0,,,399300,2,,Bet{2F/12/200/6.1},15/3.9/2,1,200,N,0,ABABBB
201805310055400,20170312,08,常滑,２日目,ip,6,0,,,399000,2,,Bet{2F/12/300/6.8},26/27.2/10,1,300,N,0,BBBABA
201805310055404,20170312,10,三国,最終日,ip,7,0,,,398700,12,,Bet{2F/16/300/9.2},45/15.9/6,1,300,N,0,BAAAAA
201805310055408,20170312,02,戸田,４日目,ip,0,0,,,401100,12,,Bet{2F/14/600/5.0},14/5.0/3,1,600,Y,3000,AABAAA
201805310055411,20170312,19,下関,最終日,ip,0,0,,,401160,12,,Bet{2F/12/100/1.6},12/1.6/1,0,100,Y,160,AAABAA
201805310055441,20170313,02,戸田,最終日,ip,0,0,,,401060,12,,Bet{2F/12/100/1.8},13/4.0/2,0,100,N,0,AAAAAB
201805310055474,20170314,06,浜名湖,最終日,ip,1,0,,,400960,5,,Bet{2F/12/100/5.8},13/2.4/1,1,100,N,0,ABABAB
201805310055478,20170314,06,浜名湖,最終日,ip,0,0,,,401380,7,,Bet{2F/15/100/5.2},15/5.2/2,1,100,Y,520,ABBABB
201805310055481,20170314,03,江戸川,初日,ip,0,0,,,401380,11,,,15/7.1/3,0,0,S,0,ABAABB
201805310055515,20170315,01,桐生,４日目,ip,0,0,,,401380,10,,,36/7.5/4,0,0,S,0,ABABBA
201805310055578,20170317,01,桐生,最終日,ip,0,0,,,401550,9,,Bet{2F/12/100/2.7},12/2.7/1,0,100,Y,270,ABBBAB
201805310055610,20170318,13,尼崎,初日,G3,0,0,,,401610,1,,Bet{2F/12/100/1.6},12/1.6/1,0,100,Y,160,BAABBA
201805310055615,20170318,03,江戸川,５日目,ip,0,0,,,401710,6,,Bet{2F/12/100/2.0},12/2.0/1,0,100,Y,200,AAABBA
201805310055618,20170318,10,三国,初日,ip,0,0,,,401710,10,,,13/2.5/2,0,0,S,0,AABAAB
201805310055653,20170319,10,三国,２日目,ip,0,0,,,401710,5,,,14/3.6/2,0,0,S,0,ABABBB
201805310055697,20170320,09,津,２日目,ip,0,0,,,401710,1,,,13/1.7/1,0,0,S,0,ABBBBB
201805310055732,20170321,11,びわこ,３日目,ip,0,0,,,401610,4,,Bet{2F/12/100/2.8},25/31.3/12,0,100,N,0,BABABA
201805310055736,20170321,19,下関,最終日,ip,1,0,,,401510,5,,Bet{2F/12/100/6.8},14/1.3/1,1,100,N,0,ABBABB
201805310055741,20170321,09,津,３日目,ip,2,0,,,401410,12,,Bet{2F/14/100/7.8},13/1.5/1,1,100,N,0,AAABAA
201805310055744,20170321,24,大村,２日目,ip,3,0,,,401310,11,,Bet{2F/15/100/10.4},13/4.9/3,1,100,N,0,AABAAA
201805310055748,20170321,15,丸亀,３日目,ip,4,0,,,401110,10,,Bet{2F/12/200/5.3},15/4.9/2,1,200,N,0,AAABAB
201805310055775,20170322,13,尼崎,５日目,G3,5,0,,,400910,8,,Bet{2F/12/200/7.6},14/2.9/1,1,200,N,0,ABAABB
201805310055779,20170322,10,三国,５日目,ip,6,0,,,400810,10,,Bet{2F/23/100/27.6},14/3.1/3,1,100,N,0,AAAABB
201805310055783,20170322,24,大村,３日目,ip,0,0,,,402430,11,,Bet{2F/13/300/6.4},13/6.4/4,1,300,Y,1920,AAABAA
201805310055787,20170322,15,丸亀,４日目,ip,0,0,,,402430,12,,,13/2.2/1,0,0,S,0,AAAABB
201805310055817,20170323,24,大村,４日目,ip,0,0,,,402510,5,,Bet{2F/12/100/1.8},12/1.8/1,0,100,Y,180,AABBBB
201805310055823,20170323,09,津,５日目,ip,0,0,,,402510,12,,,12/2.2/2,0,0,S,0,AAABAA
201805310055847,20170324,09,津,最終日,ip,0,0,,,402580,12,,Bet{2F/12/100/1.7},12/1.7/1,0,100,Y,170,AAAAAA
201805310055852,20170324,15,丸亀,最終日,ip,0,0,,,402580,9,,,14/2.1/1,0,0,S,0,ABBABA
201805310055881,20170325,16,児島,初日,ip,0,0,,,402650,6,,Bet{2F/12/100/1.7},12/1.7/1,0,100,Y,170,AAABBB
201805310055887,20170325,22,福岡,２日目,ip,0,0,,,402550,12,,Bet{2F/12/100/2.7},13/2.8/2,0,100,N,0,ABAAAA
201805310055922,20170326,13,尼崎,初日,ip,0,0,,,404030,5,,Bet{2F/15/100/15.8},15/15.8/3,1,100,Y,1580,AABABA
201805310055927,20170326,22,福岡,３日目,ip,0,0,,,403930,11,,Bet{2F/12/100/2.0},14/3.2/2,0,100,N,0,AABAAB
201805310055932,20170326,16,児島,２日目,ip,1,0,,,403830,12,,Bet{2F/14/100/6.5},13/2.7/2,1,100,N,0,AAAAAB
201805310055970,20170327,16,児島,３日目,ip,2,0,,,403730,12,,Bet{2F/13/100/5.4},15/3.1/2,1,100,N,0,AAAAAB
20180531005522,20170328,16,児島,４日目,ip,0,0,,,404350,11,,Bet{2F/14/100/7.2},14/7.2/3,1,100,Y,720,AAAABA
20180531005527,20170328,16,児島,４日目,ip,0,0,,,404350,12,,,14/1.9/1,0,0,S,0,ABAAAA
20180531005572,20170329,24,大村,初日,ip,0,0,,,404250,1,,Bet{2F/12/100/1.8},13/3.4/3,0,100,N,0,ABBBBB
20180531005577,20170329,13,尼崎,４日目,ip,1,0,,,404150,8,,Bet{2F/12/100/5.3},14/1.8/1,1,100,N,0,ABBABB
20180531005582,20170329,16,児島,５日目,ip,2,0,,,404050,10,,Bet{2F/14/100/7.0},13/4.6/2,1,100,N,0,AAAAAA
20180531005586,20170329,16,児島,５日目,ip,3,0,,,403950,12,,Bet{2F/13/100/8.5},12/1.5/1,1,100,N,0,AAAAAA
201805310055130,20170330,24,大村,２日目,ip,4,0,,,403750,1,,Bet{2F/13/200/5.7},15/4.5/3,1,200,N,0,ABBBBB
201805310055136,20170330,16,児島,最終日,ip,5,0,,,403650,11,,Bet{2F/16/100/11.9},13/3.1/2,1,100,N,0,AAAABA
201805310055141,20170330,24,大村,２日目,ip,6,0,,,403550,12,,Bet{2F/15/100/14.2},24/27.5/6,1,100,N,0,AAAAAA
201805310055162,20170331,24,大村,３日目,ip,7,0,,,403250,1,,Bet{2F/15/300/5.8},12/1.5/1,1,300,N,0,ABBBBB
201805310055167,20170331,24,大村,３日目,ip,8,0,,,402850,2,,Bet{2F/15/400/6.7},14/2.4/2,1,400,N,0,ABBBBB
201805310055171,20170331,06,浜名湖,２日目,ip,9,0,,,402350,8,,Bet{2F/26/500/7.3},23/13.2/5,1,500,N,0,AAABBA
201805310055176,20170331,24,大村,３日目,ip,0,0,,,406400,11,,Bet{2F/24/500/9.1},24/9.1/4,1,500,Y,4550,ABAAAA
201805310055195,20170401,06,浜名湖,３日目,ip,0,0,,,406400,11,,,13/1.6/1,0,0,S,0,ABAABA
201805310055220,20170402,08,常滑,初日,ip,0,0,,,406300,3,,Bet{2F/12/100/1.7},45/48.9/13,0,100,N,0,AABBBA
201805310055225,20170402,06,浜名湖,４日目,ip,1,0,,,406200,9,,Bet{2F/34/100/8.8},15/20.0/5,1,100,N,0,ABAABB
201805310055229,20170402,19,下関,２日目,ip,2,0,,,406100,11,,Bet{2F/12/100/5.0},13/1.7/1,1,100,N,0,AAABAB
201805310055250,20170403,06,浜名湖,最終日,ip,3,0,,,406000,8,,Bet{2F/25/100/7.8},12/1.3/1,1,100,N,0,AABBAB
201805310055254,20170403,19,下関,３日目,ip,4,0,,,405800,6,,Bet{2F/14/200/5.7},26/14.0/5,1,200,N,0,AABABA
201805310055259,20170403,19,下関,３日目,ip,5,0,,,405600,11,,Bet{2F/14/200/9.5},13/2.1/1,1,200,N,0,AAABAB
201805310055281,20170404,16,児島,初日,ip,6,0,,,405200,1,,Bet{2F/12/400/5.5},15/10.8/4,1,400,N,0,ABBBBB
201805310055285,20170404,19,下関,４日目,ip,7,0,,,404800,12,,Bet{2F/15/400/7.3},12/2.2/1,1,400,N,0,AAAAAA
201805310055313,20170405,17,宮島,４日目,ip,8,0,,,404300,1,,Bet{2F/16/500/7.6},14/2.1/1,1,500,N,0,ABBBBB
201805310055318,20170405,08,常滑,最終日,ip,9,0,,,403900,10,,Bet{2F/14/400/11.5},34/15.6/5,1,400,N,0,ABAABA
201805310055322,20170405,19,下関,５日目,ip,10,0,,,403300,8,,Bet{2F/15/600/8.6},12/1.9/1,1,600,N,0,AABAAB
201805310055326,20170405,19,下関,５日目,ip,11,0,,,402200,10,,Bet{2F/14/1100/6.4},13/1.5/1,1,1100,N,0,ABAABA
201805310055349,20170406,17,宮島,５日目,ip,12,0,,,400900,6,,Bet{2F/24/1300/6.9},14/1.2/1,1,1300,N,0,ABBABB
201805310055354,20170406,04,平和島,２日目,ip,13,0,,,398900,12,,Bet{2F/12/2000/6.0},46/16.2/5,1,2000,N,0,ABAABA
201805310055357,20170406,19,下関,６日目,ip,14,0,,,396000,9,,Bet{2F/14/2900/5.8},12/2.0/1,1,2900,N,0,AAAAAA
201805310055383,20170407,19,下関,最終日,ip,15,0,,,392800,8,,Bet{2F/12/3200/6.9},13/1.4/1,1,3200,N,0,ABABAB
201805310055407,20170408,01,桐生,初日,ip,16,0,,,388600,8,,Bet{2F/13/4200/6.9},15/2.1/1,1,4200,N,0,ABBBAB
201805310055411,20170408,01,桐生,初日,ip,17,0,,,382300,10,,Bet{2F/14/6300/6.1},13/2.0/1,1,6300,N,0,AAAABA
201805310055439,20170409,01,桐生,２日目,ip,18,0,,,377500,9,,Bet{2F/14/4800/10.1},12/1.9/1,1,4800,N,0,AAABBA
201805310055478,20170411,12,住之江,初日,ip,19,0,,,367300,10,,Bet{2F/14/10200/6.1},45/19.0/7,1,10200,N,0,AAABAB
201805310055485,20170411,12,住之江,初日,ip,20,0,,,358500,11,,Bet{2F/15/8800/9.0},34/21.5/6,1,8800,N,0,AAABAA
201805310055506,20170412,20,若松,２日目,G3,21,0,,,339300,4,,Bet{2F/26/19200/5.5},14/12.2/5,1,19200,N,0,BABBAA
201805310055511,20170412,01,桐生,５日目,ip,0,0,,,460170,7,,Bet{2F/12/23700/6.1},12/6.1/2,1,23700,Y,144570,ABAABA
201805310055514,20170412,01,桐生,５日目,ip,0,0,,,460070,11,,Bet{2F/12/100/2.2},24/13.2/5,0,100,N,0,AABAAB
201805310055518,20170412,01,桐生,５日目,ip,0,0,,,460470,12,,Bet{2F/13/100/5.0},13/5.0/2,1,100,Y,500,AABAAB
201805310055539,20170413,06,浜名湖,初日,ip,0,0,,,460370,4,,Bet{2F/12/100/2.2},15/4.6/2,0,100,N,0,ABBBBB
201805310055544,20170413,01,桐生,最終日,ip,0,0,,,461170,11,,Bet{2F/15/100/9.0},15/9.0/4,1,100,Y,900,AAAAAB
201805310055572,20170414,16,児島,初日,ip,0,0,,,461170,11,,,14/1.6/1,0,0,S,0,AAAABA
201805310055603,20170415,12,住之江,５日目,ip,0,0,,,461279,9,,Bet{2F/12/100/2.1},12/2.1/1,0,100,Y,209,AABABA
201805310055639,20170416,14,鳴門,初日,ip,0,0,,,461349,1,,Bet{2F/12/100/1.7},12/1.7/1,0,100,Y,170,ABBABB
201805310055644,20170416,06,浜名湖,４日目,ip,0,0,,,461249,7,,Bet{2F/12/100/2.3},15/3.4/2,0,100,N,0,AABBAB
201805310055647,20170416,12,住之江,６日目,ip,1,0,,,461149,6,,Bet{2F/13/100/5.6},12/9.0/4,1,100,N,0,ABBAAA
201805310055651,20170416,12,住之江,６日目,ip,2,0,,,461049,10,,Bet{2F/16/100/9.3},13/3.0/2,1,100,N,0,ABAAAA
201805310055678,20170417,12,住之江,最終日,ip,3,0,,,460849,12,,Bet{2F/13/200/5.7},16/14.1/5,1,200,N,0,AAAABA
201805310055701,20170418,24,大村,３日目,ip,0,0,,,461809,7,,Bet{2F/13/200/5.8},13/5.8/3,1,200,Y,1160,ABBABA
201805310055706,20170418,16,児島,５日目,ip,0,0,,,461709,11,,Bet{2F/12/100/2.0},26/37.6/7,0,100,N,0,AAAAAA
201805310055711,20170418,14,鳴門,３日目,ip,0,0,,,462249,12,,Bet{2F/12/100/6.4},12/6.4/3,1,100,Y,640,AAAAAA
201805310055740,20170419,24,大村,最終日,ip,0,0,,,462309,3,,Bet{2F/12/100/1.6},12/1.6/1,0,100,Y,160,ABBBAA
201805310055745,20170419,16,児島,最終日,ip,0,0,,,462309,11,,,12/3.5/2,0,0,S,0,AAAAAB
201805310055775,20170420,14,鳴門,最終日,ip,0,0,,,462309,5,,,14/3.7/3,0,0,S,0,ABBBBB
201805310055810,20170421,06,浜名湖,２日目,G3,0,0,,,462309,12,,,15/12.8/5,0,0,S,0,ABAABA
201805310055853,20170422,06,浜名湖,３日目,G3,0,0,,,462309,4,,,12/3.6/2,0,0,S,0,ABBBBB
201805310055904,20170423,16,児島,２日目,ip,0,0,,,462439,10,,Bet{2F/12/100/2.3},12/2.3/1,0,100,Y,230,AABAAB
201805310055909,20170423,08,常滑,最終日,ip,0,0,,,462439,10,,,13/6.4/3,0,0,S,0,ABAAAB
201805310055949,20170424,03,江戸川,２日目,ip,0,0,,,462439,10,,,13/2.7/1,0,0,S,0,ABABAA
201805310055996,20170425,06,浜名湖,最終日,G3,0,0,,,462339,4,,Bet{2F/12/100/2.1},14/2.7/2,0,100,N,0,ABBBBB
20180531005501,20170425,06,浜名湖,最終日,G3,1,0,,,462239,5,,Bet{2F/15/100/5.9},14/3.3/2,1,100,N,0,ABBBBA
20180531005505,20170425,06,浜名湖,最終日,G3,2,0,,,462139,9,,Bet{2F/34/100/15.1},14/2.3/1,1,100,N,0,ABBABB
20180531005509,20170425,19,下関,３日目,ip,3,0,,,461939,11,,Bet{2F/15/200/5.1},13/2.0/1,1,200,N,0,AAAAAB
20180531005555,20170426,03,江戸川,４日目,ip,4,0,,,461739,10,,Bet{2F/14/200/6.5},12/3.4/2,1,200,N,0,AAABBA
20180531005559,20170426,03,江戸川,４日目,ip,5,0,,,461439,12,,Bet{2F/12/300/5.6},13/2.2/1,1,300,N,0,ABAAAB
20180531005563,20170426,19,下関,最終日,ip,6,0,,,461039,12,,Bet{2F/13/400/6.0},14/3.6/2,1,400,N,0,ABBAAA
201805310055106,20170427,16,児島,最終日,ip,7,0,,,460639,8,,Bet{2F/12/400/7.8},16/1.9/1,1,400,N,0,ABABBA
201805310055111,20170427,03,江戸川,５日目,ip,8,0,,,459939,8,,Bet{2F/14/700/5.8},12/1.9/1,1,700,N,0,ABBBBB
201805310055142,20170428,03,江戸川,最終日,ip,9,0,,,458939,11,,Bet{2F/13/1000/5.5},12/1.9/1,1,1000,N,0,AAAAAA
201805310055147,20170428,01,桐生,２日目,ip,10,0,,,457639,11,,Bet{2F/23/1300/5.9},12/3.9/2,1,1300,N,0,AAABBA
201805310055180,20170429,06,浜名湖,２日目,ip,11,0,,,455639,4,,Bet{2F/15/2000/5.4},12/3.0/1,1,2000,N,0,ABBBBB
201805310055184,20170429,06,浜名湖,２日目,ip,12,0,,,453039,7,,Bet{2F/24/2600/5.8},12/3.0/2,1,2600,N,0,AABABA
201805310055188,20170429,10,三国,４日目,ip,0,0,,,470139,11,,Bet{2F/15/3800/5.5},15/5.5/3,1,3800,Y,20900,ABBBBB
201805310055192,20170429,06,浜名湖,２日目,ip,0,0,,,470139,11,,,45/9.0/3,0,0,S,0,AABAAB
201805310055222,20170430,24,大村,２日目,G3,0,0,,,470139,8,,,14/1.6/1,0,0,S,0,ABBABB
201805310055249,20170501,06,浜名湖,４日目,ip,0,0,,,470139,4,,,14/3.2/2,0,0,S,0,ABBBBB
201805310055286,20170502,16,児島,初日,ip,0,0,,,470139,9,,,13/3.4/2,0,0,S,0,ABBABB
201805310055326,20170503,10,三国,初日,ip,0,0,,,470139,2,,,34/13.6/4,0,0,S,0,ABBABB
201805310055363,20170504,17,宮島,３日目,ip,0,0,,,470139,1,,,12/3.1/2,0,0,S,0,ABBBBB
201805310055399,20170505,14,鳴門,初日,G3,0,0,,,470139,1,,,14/2.0/1,0,0,S,0,ABBABB
201805310055433,20170506,17,宮島,５日目,ip,0,0,,,470139,5,,,13/7.5/3,0,0,S,0,ABBABA
201805310055472,20170507,16,児島,最終日,ip,0,0,,,470219,1,,Bet{2F/12/100/1.8},12/1.8/1,0,100,Y,180,ABBBBB
201805310055477,20170507,14,鳴門,３日目,G3,0,0,,,470219,3,,,12/2.6/2,0,0,S,0,ABBBBB
201805310055503,20170508,10,三国,最終日,ip,0,0,,,470219,2,,,14/3.9/3,0,0,S,0,ABBABB
201805310055527,20170509,06,浜名湖,５日目,ip,0,0,,,470219,12,,,16/4.2/2,0,0,S,0,AAAAAA
201805310055552,20170510,13,尼崎,初日,ip,0,0,,,470219,9,,,15/3.9/3,0,0,S,0,ABBBAA
201805310055585,20170511,16,児島,初日,ip,0,0,,,470328,10,,Bet{2F/12/100/2.1},12/2.1/1,0,100,Y,209,AABABA
201805310055590,20170511,13,尼崎,２日目,ip,0,0,,,470368,11,,Bet{2F/12/100/1.4},12/1.4/1,0,100,Y,140,AABABA
201805310055594,20170511,02,戸田,初日,ip,0,0,,,470268,12,,Bet{2F/12/100/3.4},14/4.3/3,0,100,N,0,AAAAAA
201805310055598,20170511,07,蒲郡,初日,G3,1,0,,,470168,7,,Bet{2F/12/100/6.0},13/1.5/1,1,100,N,0,ABAABB
201805310055627,20170512,13,尼崎,３日目,ip,2,0,,,470068,11,,Bet{2F/15/100/6.6},13/3.9/2,1,100,N,0,AAABAB
201805310055632,20170512,13,尼崎,３日目,ip,3,0,,,469868,12,,Bet{2F/13/200/5.4},12/1.8/1,1,200,N,0,AABABA
201805310055637,20170512,07,蒲郡,２日目,G3,4,0,,,469668,10,,Bet{2F/12/200/5.8},14/1.4/1,1,200,N,0,AABAAB
201805310055668,20170513,18,徳山,初日,ip,0,0,,,470958,12,,Bet{2F/15/300/5.3},15/5.3/3,1,300,Y,1590,AAAAAA
201805310055674,20170513,13,尼崎,最終日,ip,0,0,,,470958,12,,,14/4.8/3,0,0,S,0,AAAAAA
201805310055706,20170514,16,児島,４日目,ip,0,0,,,470958,11,,,12/2.7/2,0,0,S,0,AAABBA
201805310055735,20170515,18,徳山,３日目,ip,0,0,,,470958,2,,,13/5.4/2,0,0,S,0,AAAAAB
201805310055762,20170516,18,徳山,４日目,ip,0,0,,,470958,12,,,12/3.0/2,0,0,S,0,AAABBA
201805310055790,20170517,18,徳山,５日目,ip,0,0,,,470958,1,,,13/3.4/2,0,0,S,0,ABBBBB
201805310055873,20170521,24,大村,２日目,ip,0,0,,,470858,9,,Bet{2F/12/100/1.9},13/3.3/2,0,100,N,0,AABBAA
201805310055916,20170523,24,大村,４日目,ip,1,0,,,470758,9,,Bet{2F/16/100/5.6},34/56.0/10,1,100,N,0,ABAABA
201805310055938,20170524,03,江戸川,４日目,ip,2,0,,,470658,11,,Bet{2F/12/100/5.0},14/3.5/2,1,100,N,0,AABBBA
201805310055964,20170525,24,大村,最終日,ip,0,0,,,471458,4,,Bet{2F/15/200/5.0},15/5.0/4,1,200,Y,1000,ABBBAB
201805310055968,20170525,10,三国,２日目,ip,0,0,,,471538,10,,Bet{2F/12/100/1.8},12/1.8/1,0,100,Y,180,AAABBA
201805310055972,20170525,01,桐生,３日目,G3,0,0,,,471538,6,,,14/13.6/5,0,0,S,0,ABBBBB
20180531005501,20170526,18,徳山,２日目,ip,0,0,,,471538,2,,,14/2.3/1,0,0,S,0,AAAABB
20180531005533,20170527,01,桐生,５日目,G3,0,0,,,471438,10,,Bet{2F/12/100/1.8},16/8.7/5,0,100,N,0,AABBAA
20180531005539,20170527,01,桐生,５日目,G3,1,0,,,471338,11,,Bet{2F/14/100/6.0},12/2.0/1,1,100,N,0,AABBBA
20180531005575,20170528,18,徳山,４日目,ip,2,0,,,471238,3,,Bet{2F/13/100/5.2},14/1.8/1,1,100,N,0,ABABBA
20180531005580,20170528,01,桐生,最終日,G3,3,0,,,471038,12,,Bet{2F/14/200/5.1},13/3.8/2,1,200,N,0,AAAAAA
201805310055117,20170529,18,徳山,５日目,ip,4,0,,,470838,2,,Bet{2F/14/200/7.1},45/23.5/6,1,200,N,0,ABBAAB
201805310055150,20170530,24,大村,初日,ip,5,0,,,470638,9,,Bet{2F/14/200/7.5},12/1.5/1,1,200,N,0,AAABBB
201805310055186,20170531,18,徳山,最終日,ip,6,0,,,470338,1,,Bet{2F/15/300/6.5},12/2.4/1,1,300,N,0,ABBBBB
201805310055190,20170531,24,大村,２日目,ip,7,0,,,470138,10,,Bet{2F/34/200/19.5},13/2.9/2,1,200,N,0,AAAABA
201805310055194,20170531,24,大村,２日目,ip,8,0,,,469638,12,,Bet{2F/16/500/7.1},12/2.4/1,1,500,N,0,AAAAAA
201805310055227,20170601,24,大村,３日目,ip,9,0,,,468938,5,,Bet{2F/14/700/6.1},13/3.0/2,1,700,N,0,AABBBB
201805310055232,20170601,24,大村,３日目,ip,10,0,,,467938,12,,Bet{2F/14/1000/5.7},13/3.4/2,1,1000,N,0,AABAAA
201805310055257,20170602,24,大村,４日目,ip,0,0,,,474738,9,,Bet{2F/13/1700/5.0},13/5.0/3,1,1700,Y,8500,AAAABB
201805310055261,20170602,24,大村,４日目,ip,0,0,,,474638,12,,Bet{2F/12/100/2.1},13/3.0/2,0,100,N,0,AAABAA
201805310055287,20170603,24,大村,最終日,ip,1,0,,,474538,9,,Bet{2F/15/100/7.3},12/2.1/1,1,100,N,0,AABAAA
201805310055292,20170603,24,大村,最終日,ip,2,0,,,474438,12,,Bet{2F/15/100/9.0},14/4.6/3,1,100,N,0,AABAAB
201805310055317,20170604,01,桐生,初日,ip,0,0,,,475198,7,,Bet{2F/14/200/5.0},14/4.8/2,1,200,Y,960,ABAAAB
201805310055344,20170605,01,桐生,２日目,ip,0,0,,,475198,7,,,13/2.1/1,0,0,S,0,AAABBB
201805310055409,20170607,13,尼崎,２日目,ip,0,0,,,475098,9,,Bet{2F/12/100/1.3},16/6.2/2,0,100,N,0,AABBBA
201805310055414,20170607,24,大村,初日,ip,1,0,,,474998,5,,Bet{2F/14/100/5.7},12/1.3/1,1,100,N,0,AABBBB
201805310055419,20170607,24,大村,初日,ip,2,0,,,474898,11,,Bet{2F/14/100/10.6},15/3.0/1,1,100,N,0,AAAAAA
201805310055458,20170608,10,三国,２日目,ip,0,0,,,475648,2,,Bet{2F/16/100/8.5},16/8.5/4,1,100,Y,850,ABBABB
201805310055463,20170608,01,桐生,５日目,ip,0,0,,,475548,5,,Bet{2F/12/100/2.2},56/7.8/3,0,100,N,0,AABBAA
201805310055533,20170610,18,徳山,初日,ip,1,0,,,475448,1,,Bet{2F/15/100/5.9},12/4.0/3,1,100,N,0,ABBBBB
201805310055538,20170610,24,大村,４日目,ip,2,0,,,475348,1,,Bet{2F/45/100/31.2},13/3.9/3,1,100,N,0,ABBBBB
201805310055543,20170610,10,三国,４日目,ip,3,0,,,475248,7,,Bet{2F/34/100/7.5},12/4.9/3,1,100,N,0,AABABA
201805310055547,20170610,18,徳山,初日,ip,4,0,,,475148,12,,Bet{2F/15/100/13.8},35/64.5/11,1,100,N,0,AAAAAA
201805310055584,20170611,18,徳山,２日目,ip,5,0,,,474948,4,,Bet{2F/13/200/7.5},14/10.3/3,1,200,N,0,AABBBB
201805310055589,20170611,24,大村,５日目,ip,6,0,,,474548,9,,Bet{2F/15/400/5.1},23/54.1/9,1,400,N,0,ABABAB
201805310055593,20170611,24,大村,５日目,ip,7,0,,,474348,10,,Bet{2F/16/200/11.6},34/20.1/5,1,200,N,0,ABAABA
201805310055623,20170612,18,徳山,３日目,ip,8,0,,,473948,4,,Bet{2F/14/400/8.4},12/1.2/1,1,400,N,0,AABBBB
201805310055627,20170612,24,大村,最終日,ip,9,0,,,473848,1,,Bet{2F/15/100/32.3},14/2.4/2,1,100,N,0,ABBBBB
201805310055632,20170612,24,大村,最終日,ip,10,0,,,473348,9,,Bet{2F/14/500/7.8},15/3.6/2,1,500,N,0,ABABAB
201805310055657,20170613,18,徳山,４日目,ip,11,0,,,472348,3,,Bet{2F/12/1000/5.2},13/3.2/2,1,1000,N,0,ABBBBB
201805310055662,20170613,18,徳山,４日目,ip,12,0,,,471448,12,,Bet{2F/14/900/7.9},12/1.6/1,1,900,N,0,ABABBB
201805310055666,20170613,01,桐生,初日,ip,13,0,,,469748,11,,Bet{2F/14/1700/5.6},12/2.2/1,1,1700,N,0,AAAAAA
201805310055694,20170614,18,徳山,５日目,ip,14,0,,,467048,2,,Bet{2F/15/2700/5.0},14/1.6/1,1,2700,N,0,ABBBBB
201805310055699,20170614,18,徳山,５日目,ip,15,0,,,464548,4,,Bet{2F/14/2500/7.2},13/9.1/3,1,2500,N,0,AABBBB
201805310055702,20170614,11,びわこ,初日,ip,16,0,,,460848,1,,Bet{2F/13/3700/6.4},15/2.9/3,1,3700,N,0,ABBBBB
201805310055735,20170615,18,徳山,最終日,ip,17,0,,,454748,4,,Bet{2F/14/6100/5.4},13/2.3/1,1,6100,N,0,ABBBBB
201805310055740,20170615,18,徳山,最終日,ip,18,0,,,452448,11,,Bet{2F/34/2300/17.6},14/1.9/1,1,2300,N,0,ABBABB
201805310055789,20170616,21,芦屋,初日,ip,19,0,,,442448,1,,Bet{2F/15/10000/5.2},12/2.3/1,1,10000,N,0,ABBBBB
201805310055794,20170616,09,津,２日目,ip,20,0,,,428848,1,,Bet{2F/16/13600/5.4},14/3.4/2,1,13600,N,0,ABBBBB
201805310055799,20170616,06,浜名湖,２日目,ip,21,0,,,410848,4,,Bet{2F/15/18000/5.7},25/2.3/2,1,18000,N,0,ABBBBB
201805310055803,20170616,03,江戸川,３日目,ip,22,0,,,383648,9,,Bet{2F/14/27200/5.3},12/2.1/1,1,27200,N,0,ABBBBB
201805310055806,20170616,01,桐生,４日目,ip,0,0,,,549248,9,,Bet{2F/12/24000/7.9},12/7.9/2,1,24000,Y,189600,AAABAA
201805310055810,20170616,01,桐生,４日目,ip,0,0,,,549148,11,,Bet{2F/12/100/1.4},14/9.5/4,0,100,N,0,AAAAAA
201805310055861,20170617,21,芦屋,２日目,ip,1,0,,,549048,4,,Bet{2F/15/100/6.8},13/3.0/2,1,100,N,0,ABABAB
201805310055866,20170617,16,児島,２日目,ip,2,0,,,548948,10,,Bet{2F/12/100/7.0},14/1.5/1,1,100,N,0,ABBABA
201805310055870,20170617,11,びわこ,４日目,ip,3,0,,,548748,11,,Bet{2F/14/200/5.5},12/3.1/2,1,200,N,0,AABABA
201805310055874,20170617,13,尼崎,２日目,G3,4,0,,,548548,12,,Bet{2F/15/200/7.5},12/1.5/1,1,200,N,0,AAAAAA
201805310055878,20170617,01,桐生,５日目,ip,5,0,,,548248,10,,Bet{2F/14/300/5.5},12/1.5/1,1,300,N,0,AAABBB
201805310055882,20170617,07,蒲郡,２日目,ip,6,0,,,548048,11,,Bet{2F/16/200/13.3},13/4.3/3,1,200,N,0,AABABA
201805310055934,20170618,11,びわこ,５日目,ip,7,0,,,547548,3,,Bet{2F/12/500/6.0},15/1.7/1,1,500,N,0,ABBBAB
201805310055939,20170618,09,津,４日目,ip,8,0,,,547148,5,,Bet{2F/15/400/10.8},12/1.8/1,1,400,N,0,ABBBBB
201805310055943,20170618,13,尼崎,３日目,G3,9,0,,,546648,9,,Bet{2F/15/500/8.6},13/4.2/2,1,500,N,0,AABBAA
201805310055947,20170618,21,芦屋,３日目,ip,10,0,,,545448,12,,Bet{2F/13/1200/5.1},15/2.1/1,1,1200,N,0,AAAAAA
201805310055951,20170618,03,江戸川,５日目,ip,11,0,,,544048,10,,Bet{2F/13/1400/6.1},45/12.5/5,1,1400,N,0,AABBBB
201805310055954,20170618,01,桐生,最終日,ip,12,0,,,542548,9,,Bet{2F/15/1500/7.5},14/4.9/3,1,1500,N,0,ABBBAB
201805310055957,20170618,01,桐生,最終日,ip,13,0,,,539648,11,,Bet{2F/14/2900/5.3},13/4.0/2,1,2900,N,0,AAAAAA
201805310055990,20170619,21,芦屋,４日目,ip,14,0,,,538348,1,,Bet{2F/15/1300/14.3},12/1.3/1,1,1300,N,0,ABBBBB
201805310055996,20170619,21,芦屋,４日目,ip,15,0,,,536548,4,,Bet{2F/15/1800/12.0},13/2.4/2,1,1800,N,0,ABAAAB
201805310055999,20170619,16,児島,４日目,ip,16,0,,,532748,6,,Bet{2F/16/3800/7.1},12/3.9/2,1,3800,N,0,ABBBBA
20180531005503,20170619,11,びわこ,最終日,ip,17,0,,,527348,8,,Bet{2F/14/5400/6.6},15/4.4/2,1,5400,N,0,AABBBB
20180531005506,20170619,09,津,最終日,ip,18,0,,,521248,11,,Bet{2F/15/6100/7.5},12/2.5/2,1,6100,N,0,AABAAB
20180531005510,20170619,13,尼崎,４日目,G3,19,0,,,518448,12,,Bet{2F/45/2800/19.3},12/3.2/1,1,2800,N,0,ABAAAB
20180531005514,20170619,07,蒲郡,４日目,ip,20,0,,,506648,12,,Bet{2F/15/11800/5.7},14/4.0/3,1,11800,N,0,AAAABA
20180531005536,20170620,21,芦屋,５日目,ip,21,0,,,488748,9,,Bet{2F/12/17900/5.3},15/3.1/2,1,17900,N,0,ABABAA
20180531005542,20170620,21,芦屋,５日目,ip,0,0,,,597947,12,,Bet{2F/15/21000/6.2},15/6.2/3,1,21000,Y,130199,ABAAAA
20180531005546,20170620,13,尼崎,５日目,G3,0,0,,,598027,12,,Bet{2F/12/100/1.8},12/1.8/1,0,100,Y,180,AAAABA
20180531005574,20170621,21,芦屋,最終日,ip,0,0,,,598027,11,,,12/3.5/3,0,0,S,0,ABAAAA
20180531005597,20170622,20,若松,３日目,ip,0,0,,,598027,12,,,14/3.7/2,0,0,S,0,ABABAB
201805310055125,20170623,20,若松,４日目,ip,0,0,,,598027,12,,,13/3.3/3,0,0,S,0,ABBBBB
201805310055155,20170624,03,江戸川,２日目,ip,0,0,,,598027,7,,,34/36.5/9,0,0,S,0,ABABAA
201805310055186,20170625,23,唐津,４日目,ip,0,0,,,598147,11,,Bet{2F/12/100/2.2},12/2.2/1,0,100,Y,220,ABBAAB
201805310055190,20170625,07,蒲郡,２日目,ip,0,0,,,598147,12,,,14/4.1/3,0,0,S,0,ABAAAB
201805310055214,20170626,23,唐津,５日目,ip,0,0,,,598147,11,,,13/2.3/1,0,0,S,0,ABAAAB
201805310055240,20170627,16,児島,３日目,ip,0,0,,,598147,12,,,12/4.7/2,0,0,S,0,ABAAAA
201805310055268,20170628,16,児島,４日目,ip,0,0,,,598147,11,,,13/2.3/1,0,0,S,0,ABAAAB
201805310055296,20170629,18,徳山,３日目,ip,0,0,,,598147,2,,,13/2.4/1,0,0,S,0,AAABBA
201805310055324,20170630,18,徳山,４日目,ip,0,0,,,598147,2,,,13/2.1/1,0,0,S,0,ABABAB
201805310055358,20170701,18,徳山,最終日,ip,0,0,,,598187,4,,Bet{2F/12/100/1.4},12/1.4/1,0,100,Y,140,AABBBB
201805310055363,20170701,11,びわこ,４日目,ip,0,0,,,598237,5,,Bet{2F/12/100/1.5},12/1.5/1,0,100,Y,150,AABBBB
201805310055395,20170702,21,芦屋,４日目,ip,0,0,,,598137,4,,Bet{2F/12/100/1.5},13/3.4/2,0,100,N,0,AABBBA
201805310055399,20170702,09,津,４日目,ip,1,0,,,598037,5,,Bet{2F/15/100/12.3},12/3.2/1,1,100,N,0,ABBBBB
201805310055403,20170702,17,宮島,４日目,G3,2,0,,,597937,9,,Bet{2F/14/100/7.0},16/4.7/3,1,100,N,0,AAAABA
201805310055407,20170702,11,びわこ,５日目,ip,3,0,,,597837,12,,Bet{2F/15/100/8.6},12/1.9/1,1,100,N,0,AAABAA
201805310055437,20170703,11,びわこ,最終日,ip,4,0,,,597737,9,,Bet{2F/34/100/9.9},13/4.4/2,1,100,N,0,AABBBB
201805310055442,20170703,11,びわこ,最終日,ip,5,0,,,597537,12,,Bet{2F/15/200/7.7},12/1.7/1,1,200,N,0,AAABAA
201805310055471,20170704,21,芦屋,最終日,ip,6,0,,,597237,12,,Bet{2F/14/300/6.2},13/8.1/4,1,300,N,0,AABABA
201805310055476,20170704,24,大村,初日,ip,7,0,,,596937,11,,Bet{2F/15/300/7.2},13/2.9/2,1,300,N,0,AAABAA
201805310055498,20170705,16,児島,２日目,ip,8,0,,,596337,11,,Bet{2F/15/600/5.5},12/1.8/1,1,600,N,0,AABAAB
201805310055503,20170705,12,住之江,初日,G3,0,0,,,599777,5,,Bet{2F/14/800/5.3},14/5.3/3,1,800,Y,4240,ABBBBA
201805310055528,20170706,16,児島,３日目,ip,0,0,,,599917,1,,Bet{2F/12/100/2.4},12/2.4/2,0,100,Y,240,ABBBBB
201805310055533,20170706,24,大村,３日目,ip,0,0,,,599817,4,,Bet{2F/12/100/2.0},14/8.1/3,0,100,N,0,AAAABB
201805310055536,20170706,18,徳山,初日,ip,1,0,,,599717,12,,Bet{2F/13/100/7.0},14/2.1/1,1,100,N,0,AAAAAA
201805310055573,20170707,18,徳山,２日目,ip,2,0,,,599617,4,,Bet{2F/13/100/6.3},12/1.2/1,1,100,N,0,AABBBB
201805310055578,20170707,04,平和島,２日目,ip,0,0,,,600237,3,,Bet{2F/13/100/7.2},13/7.2/4,1,100,Y,720,ABBBBB
201805310055583,20170707,11,びわこ,初日,ip,0,0,,,600237,10,,,24/8.7/6,0,0,S,0,ABABAB
201805310055616,20170708,18,徳山,３日目,ip,0,0,,,600297,4,,Bet{2F/12/100/1.6},12/1.6/1,0,100,Y,160,AABBBB
201805310055620,20170708,18,徳山,３日目,ip,0,0,,,600297,12,,,12/3.2/2,0,0,S,0,ABAAAA
201805310055652,20170709,21,芦屋,２日目,ip,0,0,,,600297,1,,,12/3.5/3,0,0,S,0,ABBBBB
201805310055683,20170710,21,芦屋,３日目,ip,0,0,,,600307,5,,Bet{2F/12/100/1.1},12/1.1/1,0,100,Y,110,AABBBB
201805310055687,20170710,21,芦屋,３日目,ip,0,0,,,600307,12,,,13/2.1/1,0,0,S,0,ABAABB
201805310055722,20170711,21,芦屋,４日目,ip,0,0,,,600307,1,,,16/4.6/3,0,0,S,0,ABBBBB
201805310055748,20170712,21,芦屋,５日目,ip,0,0,,,600207,6,,Bet{2F/12/100/1.6},16/23.6/6,0,100,N,0,AABBBB
201805310055753,20170712,21,芦屋,５日目,ip,1,0,,,600107,11,,Bet{2F/14/100/5.3},12/1.5/1,1,100,N,0,AAABBA
201805310055758,20170712,11,びわこ,最終日,ip,0,0,,,600717,12,,Bet{2F/14/100/7.1},14/7.1/4,1,100,Y,710,ABAAAA
201805310055780,20170713,22,福岡,初日,ip,0,0,,,600717,7,,Bet{2F/12/100/1.0},12/1.0/1,0,100,Y,100,AAABBA
201805310055785,20170713,09,津,２日目,ip,0,0,,,600717,12,,,12/4.2/2,0,0,S,0,AAAABA
201805310055808,20170714,22,福岡,２日目,ip,0,0,,,600717,6,,,13/2.5/1,0,0,S,0,ABABBA
201805310055833,20170715,11,びわこ,初日,ip,0,0,,,600617,10,,Bet{2F/12/100/1.5},45/27.2/8,0,100,N,0,AABBAB
201805310055861,20170716,09,津,５日目,ip,1,0,,,600517,11,,Bet{2F/14/100/5.3},13/6.0/3,1,100,N,0,AAABBA
201805310055890,20170717,18,徳山,３日目,G3,0,0,,,601207,4,,Bet{2F/13/100/7.9},13/7.9/3,1,100,Y,790,AABBBB
201805310055894,20170717,13,尼崎,２日目,ip,0,0,,,601207,9,,,15/1.9/1,0,0,S,0,ABBBAA
201805310055922,20170718,01,桐生,初日,ip,0,0,,,601207,6,,,15/4.2/3,0,0,S,0,ABBBBB
201805310055952,20170719,18,徳山,５日目,G3,0,0,,,601207,3,,,13/1.9/1,0,0,S,0,ABABBA
201805310055985,20170720,21,芦屋,初日,ip,0,0,,,601316,12,,Bet{2F/12/100/2.1},12/2.1/1,0,100,Y,209,AAAAAA
201805310055990,20170720,13,尼崎,最終日,ip,0,0,,,601386,11,,Bet{2F/12/100/1.7},12/1.7/1,0,100,Y,170,AAABAB
20180531005518,20170721,21,芦屋,２日目,ip,0,0,,,601286,1,,Bet{2F/12/100/2.1},14/3.1/2,0,100,N,0,ABBBBB
20180531005523,20170721,21,芦屋,２日目,ip,1,0,,,601186,10,,Bet{2F/13/100/5.3},12/1.8/1,1,100,N,0,AABBAA
20180531005528,20170721,01,桐生,４日目,ip,2,0,,,601086,11,,Bet{2F/15/100/7.7},36/44.2/14,1,100,N,0,AAAAAA
20180531005561,20170722,21,芦屋,３日目,ip,3,0,,,600986,4,,Bet{2F/12/100/8.4},13/4.0/2,1,100,N,0,ABBABB
20180531005597,20170723,18,徳山,初日,ip,4,0,,,600786,4,,Bet{2F/13/200/6.3},15/8.5/4,1,200,N,0,AABBBB
201805310055102,20170723,21,芦屋,４日目,ip,5,0,,,600486,5,,Bet{2F/14/300/6.2},15/8.4/3,1,300,N,0,AABBBB
201805310055106,20170723,04,平和島,初日,ip,0,0,,,602446,12,,Bet{2F/13/400/5.9},13/5.9/2,1,400,Y,2360,AAAAAA
201805310055110,20170723,07,蒲郡,３日目,ip,0,0,,,602346,11,,Bet{2F/12/100/2.1},34/59.5/10,0,100,N,0,AABBAB
201805310055137,20170724,21,芦屋,５日目,ip,1,0,,,602246,1,,Bet{2F/14/100/5.1},13/2.8/2,1,100,N,0,ABBBBB
201805310055142,20170724,21,芦屋,５日目,ip,2,0,,,602146,10,,Bet{2F/15/100/14.8},13/3.2/2,1,100,N,0,AAAAAA
201805310055146,20170724,21,芦屋,５日目,ip,0,0,,,602766,11,,Bet{2F/14/100/7.2},14/7.2/3,1,100,Y,720,AAAABA
201805310055175,20170725,18,徳山,３日目,ip,0,0,,,602766,3,,,13/2.1/2,0,0,S,0,ABABAA
201805310055201,20170726,18,徳山,４日目,ip,0,0,,,602766,12,,,14/4.5/3,0,0,S,0,AAAABA
201805310055230,20170727,16,児島,初日,ip,0,0,,,602766,1,,,45/63.8/9,0,0,S,0,ABBBBB
201805310055260,20170728,18,徳山,最終日,ip,0,0,,,602666,11,,Bet{2F/12/100/1.6},13/3.9/2,0,100,N,0,AABABB
201805310055265,20170728,02,戸田,初日,ip,1,0,,,602566,9,,Bet{2F/35/100/8.8},15/2.6/1,1,100,N,0,ABBBAB
201805310055269,20170728,01,桐生,初日,ip,2,0,,,602466,11,,Bet{2F/14/100/5.2},12/2.5/1,1,100,N,0,AAABAB
201805310055317,20170730,16,児島,４日目,ip,3,0,,,602366,10,,Bet{2F/12/100/9.6},14/2.2/2,1,100,N,0,ABABBA
201805310055322,20170730,02,戸田,３日目,ip,4,0,,,602266,12,,Bet{2F/34/100/13.6},12/3.1/2,1,100,N,0,AAAABB
201805310055326,20170730,04,平和島,初日,G3,0,0,,,603806,12,,Bet{2F/16/200/8.7},16/8.7/4,1,200,Y,1740,AAAAAA
201805310055354,20170731,16,児島,５日目,ip,0,0,,,603886,10,,Bet{2F/12/100/1.8},12/1.8/1,0,100,Y,180,AABABA
201805310055358,20170731,04,平和島,２日目,G3,0,0,,,603886,11,,,24/27.5/8,0,0,S,0,AABABA
201805310055378,20170801,04,平和島,３日目,G3,0,0,,,603886,3,,,14/9.2/4,0,0,S,0,ABBBBB
201805310055401,20170802,22,福岡,２日目,ip,0,0,,,603886,10,,,13/2.0/1,0,0,S,0,AAABBB
201805310055426,20170803,22,福岡,３日目,ip,0,0,,,603886,3,,,13/3.5/2,0,0,S,0,ABABAB
201805310055452,20170804,11,びわこ,３日目,ip,0,0,,,603886,11,,,45/8.4/5,0,0,S,0,AABAAB
201805310055482,20170805,11,びわこ,４日目,ip,0,0,,,603886,1,,,15/4.5/3,0,0,S,0,ABBBBB
201805310055511,20170806,22,福岡,最終日,ip,0,0,,,603786,10,,Bet{2F/12/100/2.3},13/2.3/1,0,100,N,0,AAABBB
201805310055516,20170806,22,福岡,最終日,ip,1,0,,,603686,12,,Bet{2F/13/100/5.2},12/2.9/1,1,100,N,0,AAAAAB
201805310055520,20170806,03,江戸川,４日目,G3,2,0,,,603586,12,,Bet{2F/12/100/6.6},14/3.7/2,1,100,N,0,AAABBA
201805310055523,20170806,07,蒲郡,最終日,ip,3,0,,,603386,10,,Bet{2F/14/200/6.3},12/2.0/1,1,200,N,0,AAABBB
201805310055527,20170806,12,住之江,４日目,ip,4,0,,,603186,11,,Bet{2F/15/200/7.5},13/4.3/3,1,200,N,0,ABAAAB
201805310055566,20170808,23,唐津,２日目,ip,5,0,,,602886,11,,Bet{2F/36/300/6.9},16/10.8/4,1,300,N,0,ABABBA
201805310055596,20170809,23,唐津,３日目,ip,6,0,,,602586,4,,Bet{2F/14/300/7.0},13/1.8/1,1,300,N,0,ABABAB
201805310055601,20170809,04,平和島,２日目,ip,7,0,,,602186,9,,Bet{2F/34/400/8.3},14/3.2/1,1,400,N,0,AAAABB
201805310055628,20170810,18,徳山,初日,ip,8,0,,,601686,4,,Bet{2F/13/500/8.4},12/1.4/1,1,500,N,0,AABBBB
201805310055632,20170810,23,唐津,４日目,ip,9,0,,,600786,10,,Bet{2F/15/900/5.4},12/2.7/1,1,900,N,0,AAABAA
201805310055637,20170810,04,平和島,３日目,ip,10,0,,,600486,11,,Bet{2F/45/300/20.4},12/3.1/1,1,300,N,0,ABBAAB
201805310055674,20170811,23,唐津,５日目,ip,11,0,,,599386,3,,Bet{2F/12/1100/6.6},13/1.4/1,1,1100,N,0,ABABBB
201805310055679,20170811,23,唐津,５日目,ip,12,0,,,598386,11,,Bet{2F/13/1000/9.5},23/15.3/4,1,1000,N,0,AAABAA
201805310055683,20170811,02,戸田,初日,ip,13,0,,,596886,8,,Bet{2F/14/1500/7.6},16/21.3/5,1,1500,N,0,ABABBB
201805310055686,20170811,11,びわこ,初日,G3,14,0,,,594586,10,,Bet{2F/45/2300/6.6},13/11.5/5,1,2300,N,0,ABBAAB
201805310055722,20170812,23,唐津,最終日,ip,15,0,,,591586,1,,Bet{2F/15/3000/6.6},14/3.4/2,1,3000,N,0,ABBBBB
201805310055727,20170812,14,鳴門,４日目,ip,16,0,,,587286,4,,Bet{2F/25/4300/6.2},23/9.1/5,1,4300,N,0,BAABAB
201805310055731,20170812,23,唐津,最終日,ip,17,0,,,581786,10,,Bet{2F/16/5500/6.5},26/44.6/9,1,5500,N,0,AABAAA
201805310055734,20170812,02,戸田,２日目,ip,18,0,,,572686,7,,Bet{2F/12/9100/5.4},13/6.0/5,1,9100,N,0,ABBBBB
201805310055737,20170812,18,徳山,３日目,ip,19,0,,,567286,11,,Bet{2F/36/5400/11.4},13/3.7/3,1,5400,N,0,ABABBA
201805310055741,20170812,04,平和島,５日目,ip,0,0,,,633286,10,,Bet{2F/13/16500/5.0},13/5.0/3,1,16500,Y,82500,AAAAAB
201805310055780,20170813,21,芦屋,初日,ip,0,0,,,633286,4,,,15/3.1/2,0,0,S,0,ABAAAA
201805310055817,20170814,11,びわこ,４日目,G3,0,0,,,633186,2,,Bet{2F/12/100/2.0},14/7.0/3,0,100,N,0,ABBBBA
201805310055822,20170814,18,徳山,５日目,ip,1,0,,,633086,9,,Bet{2F/13/100/5.2},12/2.9/1,1,100,N,0,AABAAB
201805310055826,20170814,14,鳴門,最終日,ip,2,0,,,632986,8,,Bet{2F/15/100/5.2},13/2.9/1,1,100,N,0,BBABAA
201805310055830,20170814,05,多摩川,２日目,ip,3,0,,,632786,11,,Bet{2F/35/200/6.2},36/23.4/5,1,200,N,0,AAABAB
201805310055863,20170815,21,芦屋,３日目,ip,4,0,,,632586,12,,Bet{2F/15/200/5.8},14/2.0/1,1,200,N,0,AAAAAA
201805310055868,20170815,02,戸田,５日目,ip,5,0,,,632286,11,,Bet{2F/15/300/6.5},12/2.0/1,1,300,N,0,AAABAA
201805310055872,20170815,05,多摩川,３日目,ip,6,0,,,631886,12,,Bet{2F/15/400/5.5},13/2.0/1,1,400,N,0,ABAAAB
201805310055876,20170815,12,住之江,４日目,ip,7,0,,,631386,10,,Bet{2F/14/500/6.1},13/1.7/1,1,500,N,0,ABAAAB
201805310055906,20170816,02,戸田,最終日,ip,8,0,,,630786,11,,Bet{2F/13/600/7.0},25/19.4/8,1,600,N,0,AABAAA
201805310055930,20170817,21,芦屋,５日目,ip,9,0,,,630286,12,,Bet{2F/15/500/11.0},14/4.5/3,1,500,N,0,AAABAB
201805310055935,20170817,05,多摩川,５日目,ip,10,0,,,629786,11,,Bet{2F/15/500/14.1},12/2.8/2,1,500,N,0,ABAABB
201805310055939,20170817,05,多摩川,５日目,ip,11,0,,,628786,12,,Bet{2F/15/1000/7.8},13/3.1/1,1,1000,N,0,AAAAAA
201805310055968,20170818,21,芦屋,最終日,ip,12,0,,,627386,12,,Bet{2F/15/1400/6.8},34/40.7/9,1,1400,N,0,AABAAB
201805310055973,20170818,13,尼崎,初日,G3,13,0,,,626486,12,,Bet{2F/15/900/12.8},13/3.0/1,1,900,N,0,AAAAAA
201805310055977,20170818,05,多摩川,最終日,ip,14,0,,,624486,12,,Bet{2F/14/2000/7.2},12/2.6/2,1,2000,N,0,AAABAA
201805310055981,20170818,04,平和島,２日目,ip,0,0,,,640816,11,,Bet{2F/15/2300/8.1},15/8.1/4,1,2300,Y,18630,AABAAB
20180531005504,20170819,23,唐津,初日,ip,0,0,,,640816,1,,,13/1.9/1,0,0,S,0,ABBBBB
20180531005535,20170820,23,唐津,２日目,ip,0,0,,,640816,12,,,13/2.4/1,0,0,S,0,AAAAAA
20180531005564,20170821,13,尼崎,４日目,G3,0,0,,,640816,12,,,12/2.5/2,0,0,S,0,AAAABB
20180531005594,20170822,23,唐津,４日目,ip,0,0,,,640716,9,,Bet{2F/12/100/1.9},15/28.5/7,0,100,N,0,AAAABB
20180531005598,20170822,16,児島,４日目,ip,1,0,,,640616,12,,Bet{2F/15/100/7.2},12/2.0/1,1,100,N,0,AAAAAA
201805310055103,20170822,19,下関,４日目,ip,2,0,,,640516,5,,Bet{2F/15/100/7.1},16/35.6/6,1,100,N,0,ABBABB
201805310055126,20170823,23,唐津,５日目,ip,3,0,,,640316,11,,Bet{2F/13/200/5.7},16/13.6/5,1,200,N,0,AABAAA
201805310055131,20170823,16,児島,最終日,ip,4,0,,,640116,12,,Bet{2F/13/200/6.1},12/1.7/1,1,200,N,0,AAAAAA
201805310055154,20170824,11,びわこ,５日目,ip,5,0,,,639816,5,,Bet{2F/13/300/6.5},34/3.2/1,1,300,N,0,AABBBB
201805310055158,20170824,23,唐津,最終日,ip,6,0,,,639616,11,,Bet{2F/23/200/12.1},12/2.9/2,1,200,N,0,AAAABA
201805310055162,20170824,19,下関,最終日,ip,7,0,,,639016,11,,Bet{2F/13/600/5.0},16/11.5/5,1,600,N,0,AABAAA
201805310055260,20170828,21,芦屋,４日目,ip,0,0,,,642296,6,,Bet{2F/13/800/5.1},13/5.1/3,1,800,Y,4080,BAAAAA
201805310055265,20170828,03,江戸川,２日目,ip,0,0,,,642296,10,,,34/11.7/5,0,0,S,0,ABABAA
201805310055298,20170829,07,蒲郡,２日目,ip,0,0,,,642196,12,,Bet{2F/12/100/2.3},45/17.4/7,0,100,N,0,AAAAAA
201805310055337,20170830,21,芦屋,最終日,ip,0,0,,,642686,7,,Bet{2F/16/100/5.9},16/5.9/3,1,100,Y,590,BBBBBB
201805310055342,20170830,03,江戸川,３日目,ip,0,0,,,642586,12,,Bet{2F/12/100/2.8},13/5.0/4,0,100,N,0,AABABA
201805310055346,20170830,15,丸亀,３日目,ip,0,0,,,643046,12,,Bet{2F/14/100/5.6},14/5.6/3,1,100,Y,560,AAAAAB
201805310055380,20170831,03,江戸川,最終日,ip,0,0,,,643406,3,,Bet{2F/12/100/4.6},12/4.6/1,0,100,Y,460,AAABAB
201805310055383,20170831,15,丸亀,４日目,ip,0,0,,,643486,10,,Bet{2F/12/100/1.8},12/1.8/1,0,100,Y,180,AAABAB
201805310055411,20170901,23,唐津,２日目,ip,0,0,,,643486,4,,,16/13.1/5,0,0,S,0,ABABBA
201805310055445,20170902,23,唐津,３日目,ip,0,0,,,643486,4,,,13/2.5/1,0,0,S,0,ABBBAA
201805310055478,20170903,03,江戸川,初日,ip,0,0,,,643486,8,,,13/2.4/1,0,0,S,0,ABABBA
201805310055506,20170904,23,唐津,５日目,ip,0,0,,,643636,12,,Bet{2F/12/100/2.5},12/2.5/1,0,100,Y,250,AABBAA
201805310055511,20170904,22,福岡,４日目,G3,0,0,,,643636,11,,,15/3.2/1,0,0,S,0,AAABBB
201805310055543,20170905,23,唐津,最終日,ip,0,0,,,643536,1,,Bet{2F/12/100/1.9},13/5.6/3,0,100,N,0,ABBBBB
201805310055548,20170905,23,唐津,最終日,ip,1,0,,,643436,12,,Bet{2F/14/100/6.2},12/2.4/1,1,100,N,0,AAAAAA
201805310055551,20170905,06,浜名湖,初日,ip,2,0,,,643336,10,,Bet{2F/12/100/5.6},13/2.0/1,1,100,N,0,ABABAA
201805310055573,20170906,21,芦屋,初日,ip,3,0,,,643236,11,,Bet{2F/13/100/6.4},12/2.0/1,1,100,N,0,AAAAAA
201805310055596,20170907,03,江戸川,５日目,ip,4,0,,,643036,7,,Bet{2F/13/200/5.2},15/9.4/4,1,200,N,0,AAAAAB
201805310055601,20170907,03,江戸川,５日目,ip,5,0,,,642836,12,,Bet{2F/14/200/6.4},13/7.2/3,1,200,N,0,AAAAAB
201805310055624,20170908,06,浜名湖,４日目,ip,6,0,,,642536,8,,Bet{2F/13/300/5.8},12/1.8/1,1,300,N,0,AABBAA
201805310055628,20170908,03,江戸川,最終日,ip,7,0,,,642136,12,,Bet{2F/13/400/6.5},12/1.7/1,1,400,N,0,AAAAAA
201805310055654,20170909,23,唐津,初日,ip,8,0,,,641436,1,,Bet{2F/15/700/5.0},16/5.6/4,1,700,N,0,ABBBBB
201805310055658,20170909,21,芦屋,４日目,ip,9,0,,,640936,8,,Bet{2F/16/500/10.2},13/1.8/1,1,500,N,0,ABABBA
201805310055662,20170909,06,浜名湖,５日目,ip,10,0,,,639936,12,,Bet{2F/14/1000/6.0},12/3.1/2,1,1000,N,0,AAAAAA
201805310055690,20170910,21,芦屋,最終日,ip,11,0,,,639436,1,,Bet{2F/14/500/14.4},12/1.8/1,1,500,N,0,ABBBBB
201805310055716,20170911,23,唐津,３日目,ip,12,0,,,637736,7,,Bet{2F/14/1700/5.7},34/25.0/11,1,1700,N,0,AABABB
201805310055721,20170911,23,唐津,３日目,ip,13,0,,,636436,12,,Bet{2F/16/1300/9.2},12/4.8/2,1,1300,N,0,AAAABA
201805310055745,20170912,23,唐津,４日目,ip,14,0,,,633236,1,,Bet{2F/15/3200/5.1},16/7.2/4,1,3200,N,0,ABBBBB
201805310055750,20170912,23,唐津,４日目,ip,15,0,,,628736,4,,Bet{2F/35/4500/5.2},12/6.1/3,1,4500,N,0,ABABAB
201805310055771,20170913,23,唐津,５日目,ip,0,0,,,655775,4,,Bet{2F/13/5200/6.2},13/6.2/2,1,5200,Y,32239,ABBAAB
201805310055796,20170914,23,唐津,最終日,ip,0,0,,,655675,1,,Bet{2F/12/100/1.4},34/94.1/9,0,100,N,0,ABBBBB
201805310055800,20170914,23,唐津,最終日,ip,1,0,,,655575,3,,Bet{2F/12/100/6.2},15/25.3/8,1,100,N,0,ABABBB
201805310055826,20170915,12,住之江,初日,ip,0,0,,,655985,8,,Bet{2F/13/100/5.1},13/5.1/3,1,100,Y,510,ABBAAB
201805310055855,20170916,02,戸田,２日目,ip,0,0,,,656085,7,,Bet{2F/12/100/2.0},12/2.0/1,0,100,Y,200,ABBBBB
201805310055860,20170916,12,住之江,２日目,ip,0,0,,,656085,10,,,15/1.5/1,0,0,S,0,ABABAB
201805310055877,20170917,03,江戸川,４日目,ip,0,0,,,656085,5,,,13/2.8/2,0,0,S,0,ABAABB
201805310055907,20170918,11,びわこ,初日,ip,0,0,,,656085,10,,,34/17.2/7,0,0,S,0,AABAAB
201805310055953,20170920,14,鳴門,３日目,ip,0,0,,,655985,1,,Bet{2F/12/100/2.7},13/4.8/4,0,100,N,0,ABBBAB
20180531005502,20170922,11,びわこ,５日目,ip,1,0,,,655885,1,,Bet{2F/16/100/9.6},12/2.2/1,1,100,N,0,ABBBBB
20180531005530,20170923,11,びわこ,最終日,ip,2,0,,,655785,7,,Bet{2F/14/100/6.4},12/1.5/1,1,100,N,0,AABABB
20180531005535,20170923,21,芦屋,初日,G3,3,0,,,655585,11,,Bet{2F/15/200/5.6},12/3.3/2,1,200,N,0,ABABAA
20180531005560,20170924,21,芦屋,２日目,G3,0,0,,,656645,11,,Bet{2F/12/200/6.3},12/6.3/2,1,200,Y,1260,ABBAAA
20180531005586,20170925,21,芦屋,３日目,G3,0,0,,,656545,1,,Bet{2F/12/100/2.3},14/4.6/3,0,100,N,0,ABBBBB
201805310055106,20170926,21,芦屋,４日目,G3,1,0,,,656445,11,,Bet{2F/25/100/8.6},15/1.9/1,1,100,N,0,AABBAA
201805310055111,20170926,05,多摩川,初日,G3,2,0,,,656345,10,,Bet{2F/15/100/6.6},13/2.0/1,1,100,N,0,ABABAB
201805310055115,20170926,17,宮島,２日目,ip,3,0,,,656245,11,,Bet{2F/13/100/8.6},12/1.2/1,1,100,N,0,AAAAAB
201805310055141,20170927,21,芦屋,５日目,G3,4,0,,,656145,1,,Bet{2F/14/100/8.7},15/2.1/1,1,100,N,0,ABBBBB
201805310055146,20170927,11,びわこ,初日,ip,5,0,,,656045,5,,Bet{2F/13/100/12.3},12/2.0/1,1,100,N,0,AABBBB
201805310055174,20170928,21,芦屋,最終日,G3,0,0,,,657515,10,,Bet{2F/14/300/5.9},14/5.9/2,1,300,Y,1770,ABAAAB
201805310055179,20170928,21,芦屋,最終日,G3,0,0,,,657415,11,,Bet{2F/12/100/1.6},13/4.3/2,0,100,N,0,AAAAAB
201805310055183,20170928,13,尼崎,２日目,ip,1,0,,,657315,10,,Bet{2F/13/100/5.3},14/1.8/1,1,100,N,0,ABBAAB
201805310055186,20170928,17,宮島,最終日,ip,2,0,,,657215,11,,Bet{2F/12/100/5.7},13/2.3/1,1,100,N,0,ABAAAB
201805310055189,20170928,05,多摩川,３日目,G3,3,0,,,657015,12,,Bet{2F/14/200/5.3},16/8.4/4,1,200,N,0,ABABAA
201805310055215,20170929,11,びわこ,３日目,ip,4,0,,,656815,5,,Bet{2F/15/200/5.9},12/1.8/1,1,200,N,0,AABBBB
201805310055220,20170929,05,多摩川,４日目,G3,5,0,,,656615,9,,Bet{2F/16/200/7.5},12/2.8/2,1,200,N,0,ABBBBB
201805310055223,20170929,04,平和島,初日,ip,6,0,,,656315,11,,Bet{2F/16/300/7.7},13/4.2/2,1,300,N,0,ABAABA
201805310055252,20170930,11,びわこ,４日目,ip,7,0,,,655815,12,,Bet{2F/14/500/5.7},12/1.6/1,1,500,N,0,AABAAB
201805310055256,20170930,05,多摩川,５日目,G3,8,0,,,655515,12,,Bet{2F/15/300/14.3},13/3.6/2,1,300,N,0,AAAABB
201805310055283,20171001,03,江戸川,５日目,ip,9,0,,,654615,6,,Bet{2F/45/900/5.4},24/9.5/5,1,900,N,0,AABAAB
201805310055287,20171001,11,びわこ,最終日,ip,10,0,,,653315,12,,Bet{2F/14/1300/5.2},13/2.4/1,1,1300,N,0,AAAAAA
201805310055314,20171002,04,平和島,最終日,ip,11,0,,,651915,12,,Bet{2F/45/1400/6.6},12/3.0/1,1,1400,N,0,AAAAAA
201805310055336,20171003,02,戸田,初日,ip,12,0,,,650515,7,,Bet{2F/34/1400/8.3},13/3.3/2,1,1400,N,0,ABBBBB
201805310055340,20171003,17,宮島,初日,ip,13,0,,,647615,8,,Bet{2F/15/2900/5.4},14/9.6/4,1,2900,N,0,ABABAB
201805310055344,20171003,07,蒲郡,２日目,ip,14,0,,,643815,12,,Bet{2F/13/3800/5.8},14/4.4/2,1,3800,N,0,AAAAAB
201805310055382,20171005,21,芦屋,２日目,ip,15,0,,,638815,3,,Bet{2F/15/5000/6.0},13/1.8/1,1,5000,N,0,ABABAB
201805310055386,20171005,17,宮島,３日目,ip,16,0,,,633715,10,,Bet{2F/14/5100/7.7},12/1.8/1,1,5100,N,0,AABBAA
201805310055390,20171005,07,蒲郡,４日目,ip,17,0,,,627915,9,,Bet{2F/14/5800/8.4},12/1.9/1,1,5800,N,0,AABBAB
201805310055416,20171006,21,芦屋,３日目,ip,18,0,,,620115,5,,Bet{2F/23/7800/7.9},12/1.2/1,1,7800,N,0,AABBBB
201805310055421,20171006,02,戸田,４日目,ip,19,0,,,609215,11,,Bet{2F/25/10900/7.2},12/3.4/2,1,10900,N,0,AABBAB
201805310055424,20171006,07,蒲郡,５日目,ip,20,0,,,594215,11,,Bet{2F/14/15000/6.8},13/2.2/1,1,15000,N,0,AAABBB
201805310055451,20171007,21,芦屋,４日目,ip,21,0,,,572215,1,,Bet{2F/14/22000/6.2},13/2.4/1,1,22000,N,0,ABBBBB
201805310055455,20171007,21,芦屋,４日目,ip,22,0,,,540215,2,,Bet{2F/12/32000/5.8},14/1.2/1,1,32000,N,0,ABBABB
201805310055459,20171007,22,福岡,４日目,G3,0,0,,,751415,9,,Bet{2F/13/52800/5.0},13/5.0/2,1,52800,Y,264000,ABABBA
201805310055488,20171008,21,芦屋,５日目,ip,0,0,,,751415,8,,,12/7.3/2,0,0,S,0,ABABBB
201805310055518,20171009,21,芦屋,最終日,ip,0,0,,,751415,8,,,14/7.5/4,0,0,S,0,ABBBBA
201805310055544,20171010,03,江戸川,２日目,G3,0,0,,,751415,9,,,16/2.0/1,0,0,S,0,ABBBBA
201805310055572,20171011,17,宮島,初日,ip,0,0,,,751475,4,,Bet{2F/12/100/1.6},12/1.6/1,0,100,Y,160,AAABBB
201805310055576,20171011,03,江戸川,３日目,G3,0,0,,,751475,12,,,25/82.7/11,0,0,S,0,ABBABB
201805310055605,20171012,03,江戸川,４日目,G3,0,0,,,751475,2,,,12/2.4/2,0,0,S,0,ABBABB
201805310055633,20171013,03,江戸川,５日目,G3,0,0,,,751535,7,,Bet{2F/12/100/1.6},12/1.6/1,0,100,Y,160,ABBBBB
201805310055638,20171013,17,宮島,３日目,ip,0,0,,,751625,12,,Bet{2F/12/100/1.9},12/1.9/1,0,100,Y,190,AAAABA
201805310055666,20171014,24,大村,初日,ip,0,0,,,751625,4,,,16/2.0/1,0,0,S,0,ABBBBA
201805310055693,20171015,17,宮島,５日目,ip,0,0,,,751625,9,,,12/2.9/2,0,0,S,0,ABABBB
201805310055720,20171016,24,大村,３日目,ip,0,0,,,751625,5,,,12/3.1/2,0,0,S,0,ABBBBB
201805310055751,20171018,08,常滑,初日,G3,0,0,,,751625,11,,,16/22.6/5,0,0,S,0,ABAABB
201805310055771,20171019,03,江戸川,２日目,ip,0,0,,,751525,9,,Bet{2F/12/100/2.5},14/4.6/3,0,100,N,0,ABBBBB
201805310055798,20171020,08,常滑,３日目,G3,1,0,,,751425,11,,Bet{2F/13/100/9.2},14/14.3/5,1,100,N,0,AABBAB
201805310055852,20171022,17,宮島,２日目,ip,2,0,,,751325,9,,Bet{2F/14/100/9.0},12/3.9/2,1,100,N,0,ABABBB
201805310055857,20171022,08,常滑,５日目,G3,3,0,,,751125,11,,Bet{2F/15/200/6.0},13/4.6/2,1,200,N,0,AAABAB
201805310055897,20171024,17,宮島,４日目,ip,4,0,,,750925,11,,Bet{2F/14/200/8.9},23/11.7/4,1,200,N,0,AAAAAB
201805310055902,20171024,08,常滑,最終日,G3,5,0,,,750525,12,,Bet{2F/14/400/5.0},34/23.6/8,1,400,N,0,AAAAAA
201805310055930,20171025,17,宮島,最終日,ip,6,0,,,750325,10,,Bet{2F/34/200/11.1},13/2.5/1,1,200,N,0,AAAABB
201805310055934,20171025,06,浜名湖,初日,ip,7,0,,,749825,12,,Bet{2F/16/500/5.9},13/3.8/2,1,500,N,0,AAAAAA
201805310055960,20171026,03,江戸川,初日,ip,8,0,,,749425,12,,Bet{2F/16/400/9.3},12/3.0/1,1,400,N,0,AAAAAA
201805310055991,20171027,16,児島,４日目,ip,9,0,,,749125,11,,Bet{2F/14/300/20.2},15/4.3/3,1,300,N,0,ABABAA
20180531005525,20171028,06,浜名湖,４日目,ip,10,0,,,747925,12,,Bet{2F/14/1200/5.0},12/2.2/1,1,1200,N,0,ABAABA
20180531005530,20171028,19,下関,２日目,G3,11,0,,,746825,10,,Bet{2F/15/1100/7.6},13/3.6/3,1,1100,N,0,AABAAB
20180531005559,20171029,09,津,初日,ip,12,0,,,745225,1,,Bet{2F/15/1600/6.5},16/22.1/5,1,1600,N,0,ABBBBB
20180531005564,20171029,06,浜名湖,最終日,ip,13,0,,,743025,12,,Bet{2F/14/2200/6.3},12/2.0/1,1,2200,N,0,AAAABB
20180531005588,20171030,23,唐津,初日,G3,0,0,,,758685,3,,Bet{2F/12/2700/6.8},12/6.8/2,1,2700,Y,18360,ABABBB
20180531005592,20171030,17,宮島,初日,ip,0,0,,,758585,11,,Bet{2F/12/100/1.5},45/41.6/8,0,100,N,0,AABABA
201805310055118,20171031,23,唐津,２日目,G3,0,0,,,759005,2,,Bet{2F/26/100/5.2},26/5.2/2,1,100,Y,520,AABBBB
201805310055123,20171031,03,江戸川,最終日,ip,0,0,,,759105,12,,Bet{2F/12/100/2.0},12/2.0/1,0,100,Y,200,AAAAAB
201805310055126,20171031,19,下関,５日目,G3,0,0,,,759005,11,,Bet{2F/12/100/1.9},14/5.4/2,0,100,N,0,AABBAB
201805310055156,20171101,23,唐津,３日目,G3,0,0,,,759465,12,,Bet{2F/12/100/5.6},12/5.6/3,1,100,Y,560,ABAABB
201805310055161,20171101,19,下関,最終日,G3,0,0,,,759365,12,,Bet{2F/12/100/2.4},13/5.4/3,0,100,N,0,AAAABA
201805310055189,20171102,23,唐津,４日目,G3,1,0,,,759265,2,,Bet{2F/23/100/11.0},13/4.9/2,1,100,N,0,AABBBB
201805310055195,20171102,17,宮島,最終日,ip,2,0,,,759165,9,,Bet{2F/16/100/13.9},12/1.3/1,1,100,N,0,AABBBB
201805310055199,20171102,09,津,４日目,ip,3,0,,,759065,12,,Bet{2F/15/100/14.2},12/3.1/2,1,100,N,0,AAAAAA
201805310055230,20171103,23,唐津,５日目,G3,4,0,,,758965,3,,Bet{2F/23/100/10.6},13/1.8/1,1,100,N,0,ABABBB
201805310055235,20171103,09,津,最終日,ip,5,0,,,758765,12,,Bet{2F/14/200/9.3},15/10.6/4,1,200,N,0,AAAAAA
201805310055260,20171104,23,唐津,最終日,G3,6,0,,,758365,9,,Bet{2F/13/400/5.1},15/11.2/4,1,400,N,0,AABBBB
201805310055265,20171104,23,唐津,最終日,G3,7,0,,,757965,11,,Bet{2F/13/400/6.5},14/11.5/4,1,400,N,0,AAAABA
201805310055269,20171104,23,唐津,最終日,G3,8,0,,,757665,12,,Bet{2F/15/300/14.4},14/3.5/2,1,300,N,0,AABAAA
201805310055296,20171105,11,びわこ,２日目,ip,9,0,,,757065,11,,Bet{2F/16/600/7.4},13/4.0/2,1,600,N,0,ABAABA
201805310055301,20171105,13,尼崎,３日目,ip,10,0,,,756565,12,,Bet{2F/13/500/11.3},12/2.0/2,1,500,N,0,AAAABA
201805310055327,20171106,13,尼崎,最終日,ip,11,0,,,755465,12,,Bet{2F/14/1100/5.8},12/3.4/2,1,1100,N,0,ABAAAA
201805310055348,20171107,03,江戸川,２日目,ip,12,0,,,754565,11,,Bet{2F/15/900/9.8},16/18.3/5,1,900,N,0,ABAAAB
201805310055352,20171107,11,びわこ,４日目,ip,13,0,,,752465,12,,Bet{2F/14/2100/5.3},13/3.4/2,1,2100,N,0,AAABAB
201805310055375,20171108,14,鳴門,初日,ip,14,0,,,749265,3,,Bet{2F/12/3200/5.0},15/4.6/2,1,3200,N,0,ABBBBB
201805310055380,20171108,11,びわこ,５日目,ip,15,0,,,745365,12,,Bet{2F/15/3900/5.8},23/42.7/10,1,3900,N,0,AABAAB
201805310055402,20171109,14,鳴門,２日目,ip,16,0,,,741765,12,,Bet{2F/12/3600/8.2},13/4.7/2,1,3600,N,0,AAAAAA
201805310055448,20171111,14,鳴門,４日目,ip,17,0,,,737365,11,,Bet{2F/15/4400/8.3},12/2.9/1,1,4400,N,0,ABAAAA
201805310055453,20171111,12,住之江,２日目,ip,18,0,,,734365,12,,Bet{2F/36/3000/14.7},14/17.8/6,1,3000,N,0,AAABAA
201805310055491,20171113,12,住之江,４日目,ip,0,0,,,779905,7,,Bet{2F/16/6600/7.9},16/7.9/3,1,6600,Y,52140,ABABAB
201805310055512,20171114,16,児島,初日,ip,0,0,,,779905,12,,,23/28.7/6,0,0,S,0,AAAAAA
201805310055557,20171116,14,鳴門,２日目,G3,0,0,,,779905,1,,,13/6.0/4,0,0,S,0,ABBABB
201805310055586,20171117,16,児島,４日目,ip,0,0,,,779905,11,,,14/5.0/3,0,0,S,0,ABAAAB
201805310055616,20171118,02,戸田,３日目,ip,0,0,,,779905,8,,,14/3.2/1,0,0,S,0,ABBAAB
201805310055651,20171119,14,鳴門,５日目,G3,0,0,,,779905,6,,,24/40.4/11,0,0,S,0,ABBAAB
201805310055679,20171120,04,平和島,最終日,ip,0,0,,,779805,7,,Bet{2F/12/100/2.9},14/10.5/5,0,100,N,0,ABBBBA
201805310055685,20171120,11,びわこ,３日目,ip,1,0,,,779705,12,,Bet{2F/14/100/6.0},13/3.0/2,1,100,N,0,AAAABB
201805310055705,20171121,11,びわこ,４日目,ip,2,0,,,779605,6,,Bet{2F/14/100/6.2},13/2.4/1,1,100,N,0,ABABAB
201805310055710,20171121,23,唐津,３日目,ip,3,0,,,779405,12,,Bet{2F/14/200/5.3},12/2.3/1,1,200,N,0,AAAAAB
201805310055739,20171122,23,唐津,４日目,ip,0,0,,,780525,12,,Bet{2F/14/200/6.6},14/6.6/3,1,200,Y,1320,AAAAAB
201805310055744,20171122,11,びわこ,５日目,ip,0,0,,,780595,12,,Bet{2F/12/100/1.7},12/1.7/1,0,100,Y,170,AAAABA
201805310055774,20171123,23,唐津,５日目,ip,0,0,,,780635,12,,Bet{2F/12/100/1.4},12/1.4/1,0,100,Y,140,AAAABA
201805310055778,20171123,11,びわこ,最終日,ip,0,0,,,780535,12,,Bet{2F/12/100/2.7},14/4.2/2,0,100,N,0,AAAAAA
201805310055806,20171124,23,唐津,最終日,ip,1,0,,,780435,12,,Bet{2F/14/100/8.2},15/4.5/3,1,100,N,0,AAAAAA
201805310055811,20171124,09,津,３日目,ip,2,0,,,780335,12,,Bet{2F/16/100/11.2},14/3.2/2,1,100,N,0,AAAABB
201805310055839,20171125,17,宮島,２日目,G3,3,0,,,780135,1,,Bet{2F/13/200/6.0},15/3.3/2,1,200,N,0,ABBBBB
201805310055844,20171125,17,宮島,２日目,G3,4,0,,,779935,10,,Bet{2F/14/200/8.6},13/3.8/2,1,200,N,0,ABABAA
201805310055849,20171125,09,津,４日目,ip,5,0,,,779635,12,,Bet{2F/14/300/5.6},12/1.6/1,1,300,N,0,AAAABB
201805310055892,20171127,07,蒲郡,４日目,ip,6,0,,,779235,7,,Bet{2F/14/400/6.2},12/6.3/4,1,400,N,0,ABAABB
201805310055899,20171127,20,若松,初日,ip,7,0,,,778935,12,,Bet{2F/16/300/9.5},12/2.5/1,1,300,N,0,AAAAAA
201805310055927,20171128,17,宮島,５日目,G3,8,0,,,778435,7,,Bet{2F/14/500/7.8},13/3.9/2,1,500,N,0,ABABAB
201805310055932,20171128,07,蒲郡,５日目,ip,9,0,,,777435,12,,Bet{2F/16/1000/5.3},13/3.7/2,1,1000,N,0,ABBBBA
201805310055955,20171129,17,宮島,最終日,G3,10,0,,,776035,5,,Bet{2F/14/1400/5.3},13/1.7/1,1,1400,N,0,ABAABB
201805310055960,20171129,21,芦屋,初日,ip,11,0,,,773935,11,,Bet{2F/12/2100/5.1},13/1.7/1,1,2100,N,0,ABAABA
201805310055964,20171129,16,児島,２日目,ip,12,0,,,770835,12,,Bet{2F/14/3100/5.0},12/3.0/2,1,3100,N,0,AAAABA
201805310055969,20171129,20,若松,３日目,ip,13,0,,,767835,11,,Bet{2F/13/3000/7.0},16/33.2/6,1,3000,N,0,ABBAAA
201805310055994,20171130,06,浜名湖,初日,ip,14,0,,,762435,4,,Bet{2F/14/5400/5.3},13/1.4/1,1,5400,N,0,ABBBBB
20180531005518,20171201,21,芦屋,３日目,ip,15,0,,,754935,5,,Bet{2F/15/7500/5.4},13/7.0/4,1,7500,N,0,AABBBB
20180531005523,20171201,16,児島,４日目,ip,16,0,,,748435,11,,Bet{2F/14/6500/8.2},12/2.7/2,1,6500,N,0,AAABBA
20180531005528,20171201,20,若松,５日目,ip,17,0,,,742335,12,,Bet{2F/15/6100/10.6},13/2.4/1,1,6100,N,0,AAAABA
20180531005563,20171202,20,若松,６日目,ip,18,0,,,735635,11,,Bet{2F/14/6700/11.3},13/3.1/2,1,6700,N,0,AABBBB
20180531005596,20171203,09,津,４日目,ip,19,0,,,721335,10,,Bet{2F/14/14300/6.7},12/4.4/2,1,14300,N,0,ABAAAA
201805310055132,20171204,09,津,５日目,ip,20,0,,,705335,1,,Bet{2F/16/16000/7.7},15/3.6/3,1,16000,N,0,ABBBBB
201805310055136,20171204,11,びわこ,３日目,ip,0,0,,,841365,12,,Bet{2F/13/22300/7.1},13/7.1/3,1,22300,Y,158330,AABABA
201805310055163,20171205,09,津,最終日,ip,0,0,,,841365,11,,,12/3.8/2,0,0,S,0,ABAAAB
201805310055189,20171206,11,びわこ,最終日,ip,0,0,,,841265,8,,Bet{2F/12/100/2.1},13/7.9/4,0,100,N,0,AABBAB
201805310055233,20171208,04,平和島,３日目,ip,1,0,,,841165,9,,Bet{2F/16/100/9.0},14/11.5/4,1,100,N,0,ABABBA
201805310055237,20171208,15,丸亀,初日,ip,2,0,,,841065,9,,Bet{2F/14/100/7.9},12/1.4/1,1,100,N,0,AABBAB
201805310055241,20171208,15,丸亀,初日,ip,3,0,,,840965,11,,Bet{2F/16/100/23.7},13/2.7/1,1,100,N,0,ABABAA
201805310055272,20171209,04,平和島,４日目,ip,4,0,,,840765,11,,Bet{2F/12/200/5.5},16/29.3/10,1,200,N,0,AAAAAA
201805310055277,20171209,09,津,初日,ip,5,0,,,840465,12,,Bet{2F/14/300/5.0},13/2.8/2,1,300,N,0,AAAAAA
201805310055339,20171212,23,唐津,３日目,ip,6,0,,,840265,1,,Bet{2F/16/200/11.5},14/3.6/2,1,200,N,0,ABBBBB
201805310055344,20171212,11,びわこ,初日,G3,7,0,,,839765,11,,Bet{2F/16/500/5.4},12/3.2/2,1,500,N,0,ABABBA
201805310055369,20171213,23,唐津,４日目,ip,8,0,,,839265,12,,Bet{2F/14/500/7.5},35/49.6/14,1,500,N,0,AABAAA
201805310055374,20171213,09,津,４日目,ip,0,0,,,843515,12,,Bet{2F/14/500/9.5},14/9.5/3,1,500,Y,4750,AAABAA
201805310055402,20171214,09,津,最終日,ip,0,0,,,843535,12,,Bet{2F/12/100/1.2},12/1.2/1,0,100,Y,120,AABAAB
201805310055431,20171215,16,児島,４日目,G3,0,0,,,843435,6,,Bet{2F/12/100/1.7},15/10.9/4,0,100,N,0,AABBBB
201805310055436,20171215,23,唐津,最終日,ip,1,0,,,843335,11,,Bet{2F/15/100/10.5},12/1.7/1,1,100,N,0,AAAAAB
201805310055440,20171215,11,びわこ,４日目,G3,2,0,,,843235,12,,Bet{2F/16/100/10.1},12/1.9/1,1,100,N,0,AAABAB
201805310055471,20171216,08,常滑,初日,ip,3,0,,,843035,5,,Bet{2F/12/200/6.0},13/2.2/1,1,200,N,0,ABBABB
201805310055475,20171216,11,びわこ,５日目,G3,4,0,,,842835,11,,Bet{2F/14/200/5.5},12/2.2/1,1,200,N,0,AAAAAA
201805310055479,20171216,15,丸亀,初日,ip,5,0,,,842735,11,,Bet{2F/15/100/15.1},12/2.3/1,1,100,N,0,AAABAB
201805310055483,20171216,19,下関,２日目,ip,6,0,,,842535,12,,Bet{2F/15/200/10.8},13/1.9/1,1,200,N,0,ABAAAB
201805310055513,20171217,16,児島,最終日,G3,7,0,,,842335,11,,Bet{2F/15/200/13.7},16/19.5/7,1,200,N,0,AAABBB
201805310055540,20171218,08,常滑,３日目,ip,0,0,,,844915,11,,Bet{2F/14/600/5.3},14/5.3/3,1,600,Y,3180,AAABBA
201805310055544,20171218,19,下関,４日目,ip,0,0,,,844815,9,,Bet{2F/12/100/2.2},15/2.4/2,0,100,N,0,ABBBAB
201805310055549,20171218,15,丸亀,３日目,ip,1,0,,,844715,10,,Bet{2F/16/100/8.0},25/4.2/3,1,100,N,0,ABABBA
201805310055571,20171219,19,下関,５日目,ip,2,0,,,844615,10,,Bet{2F/15/100/6.8},13/3.9/2,1,100,N,0,AAAAAA
201805310055594,20171220,09,津,初日,ip,3,0,,,844515,12,,Bet{2F/15/100/8.8},14/4.0/3,1,100,N,0,AAAAAA
201805310055619,20171221,05,多摩川,初日,ip,4,0,,,844315,11,,Bet{2F/16/200/7.7},14/3.8/2,1,200,N,0,ABABAA
201805310055624,20171221,20,若松,２日目,ip,0,0,,,845755,9,,Bet{2F/12/300/5.8},12/5.8/3,1,300,Y,1740,ABBBAA
201805310055649,20171222,15,丸亀,初日,ip,0,0,,,845905,12,,Bet{2F/12/100/2.5},12/2.5/1,0,100,Y,250,AAAAAA
201805310055678,20171223,08,常滑,初日,ip,0,0,,,845905,5,,,16/2.1/1,0,0,S,0,AABBBA
201805310055712,20171224,08,常滑,２日目,ip,0,0,,,845905,4,,,13/3.0/2,0,0,S,0,ABBAAB
201805310055740,20171225,13,尼崎,初日,ip,0,0,,,845905,10,,,16/10.7/4,0,0,S,0,AAAABB
201805310055769,20171226,08,常滑,最終日,ip,0,0,,,845905,6,,,12/3.8/2,0,0,S,0,ABBBBB
201805310055807,20171227,12,住之江,初日,ip,0,0,,,845905,5,,,12/2.7/2,0,0,S,0,ABBBBA
201805310055855,20171228,17,宮島,２日目,ip,0,0,,,845905,5,,,12/3.1/2,0,0,S,0,AABABB
201805310055902,20171229,13,尼崎,５日目,ip,0,0,,,845905,7,,,12/4.1/2,0,0,S,0,ABBBBB
201805310055940,20171230,08,常滑,初日,ip,0,0,,,845905,9,,,36/43.7/12,0,0,S,0,ABBBAA
201805310055981,20171231,23,唐津,３日目,ip,0,0,,,845905,3,,,13/1.6/1,0,0,S,0,ABABBB
20180531005510,20180101,21,芦屋,２日目,ip,0,0,,,845905,4,,,14/1.9/1,0,0,S,0,ABAABB
20180531005544,20180102,21,芦屋,３日目,ip,0,0,,,845905,4,,,12/2.2/2,0,0,S,0,AABBBA
20180531005584,20180103,21,芦屋,４日目,ip,0,0,,,845905,11,,,12/4.4/4,0,0,S,0,ABAAAA
201805310055118,20180104,08,常滑,６日目,ip,0,0,,,845905,5,,,12/9.3/5,0,0,S,0,ABABAB
201805310055151,20180105,04,平和島,３日目,ip,0,0,,,845805,10,,Bet{2F/12/100/2.3},13/1.0/1,0,100,N,0,AAABAB
201805310055156,20180105,07,蒲郡,６日目,ip,1,0,,,845705,9,,Bet{2F/14/100/5.0},13/3.8/2,1,100,N,0,AABAAA
201805310055159,20180105,20,若松,初日,ip,2,0,,,845605,10,,Bet{2F/14/100/6.4},16/7.1/3,1,100,N,0,AAABBA
201805310055189,20180106,11,びわこ,４日目,ip,3,0,,,845405,11,,Bet{2F/12/200/5.6},15/6.0/3,1,200,N,0,AAABAB
201805310055193,20180106,02,戸田,４日目,ip,0,0,,,846385,12,,Bet{2F/12/200/5.9},12/5.9/2,1,200,Y,1180,AABAAB
201805310055196,20180106,01,桐生,５日目,ip,0,0,,,846395,11,,Bet{2F/12/100/1.1},12/1.1/1,0,100,Y,110,AAAAAB
201805310055230,20180107,09,津,初日,ip,0,0,,,846295,1,,Bet{2F/12/100/2.0},13/3.7/2,0,100,N,0,ABBBBB
201805310055235,20180107,17,宮島,２日目,ip,0,0,,,846845,5,,Bet{2F/14/100/6.5},14/6.5/3,1,100,Y,650,ABABBB
201805310055238,20180107,12,住之江,６日目,ip,0,0,,,846915,8,,Bet{2F/12/100/1.7},12/1.7/1,0,100,Y,170,AABBBA
201805310055241,20180107,11,びわこ,５日目,ip,0,0,,,846915,10,,,14/8.7/4,0,0,S,0,ABABAA
201805310055277,20180108,02,戸田,最終日,ip,0,0,,,846815,11,,Bet{2F/12/100/2.8},13/3.5/2,0,100,N,0,ABAAAA
201805310055282,20180108,11,びわこ,最終日,ip,1,0,,,846715,12,,Bet{2F/13/100/5.0},14/4.1/2,1,100,N,0,AAAAAB
201805310055305,20180109,21,芦屋,初日,ip,2,0,,,846615,10,,Bet{2F/16/100/18.4},14/3.4/2,1,100,N,0,ABAABA
201805310055310,20180109,17,宮島,４日目,ip,3,0,,,846515,12,,Bet{2F/14/100/7.7},12/2.0/1,1,100,N,0,AAABBB
201805310055314,20180109,07,蒲郡,初日,ip,4,0,,,846415,9,,Bet{2F/16/100/13.9},15/17.9/5,1,100,N,0,ABBABA
201805310055337,20180110,09,津,３日目,ip,5,0,,,846315,10,,Bet{2F/45/100/11.8},15/2.7/1,1,100,N,0,ABAAAB
201805310055366,20180111,21,芦屋,３日目,ip,0,0,,,847695,10,,Bet{2F/12/300/5.6},12/5.6/3,1,300,Y,1680,ABAABB
201805310055371,20180111,03,江戸川,２日目,ip,0,0,,,847695,9,,,14/2.3/1,0,0,S,0,ABBBBA
201805310055398,20180112,11,びわこ,初日,ip,0,0,,,847695,11,,,13/1.9/1,0,0,S,0,ABAABA
201805310055429,20180113,09,津,初日,ip,0,0,,,847595,5,,Bet{2F/12/100/2.8},16/34.9/7,0,100,N,0,ABBBBB
201805310055434,20180113,01,桐生,３日目,ip,1,0,,,847495,9,,Bet{2F/12/100/6.8},14/13.1/4,1,100,N,0,ABABBA
201805310055467,20180114,21,芦屋,最終日,ip,2,0,,,847395,6,,Bet{2F/15/100/5.9},12/1.9/1,1,100,N,0,ABBBBA
201805310055472,20180114,06,浜名湖,２日目,ip,3,0,,,847195,12,,Bet{2F/14/200/5.6},12/3.1/2,1,200,N,0,AABAAB
201805310055475,20180114,07,蒲郡,最終日,ip,4,0,,,846895,7,,Bet{2F/12/300/5.2},14/3.6/2,1,300,N,0,ABABBB
201805310055506,20180115,08,常滑,最終日,ip,0,0,,,848395,11,,Bet{2F/13/300/6.0},13/6.0/3,1,300,Y,1800,AABABB
201805310055511,20180115,11,びわこ,４日目,ip,0,0,,,848295,12,,Bet{2F/12/100/2.3},16/23.6/5,0,100,N,0,AAAABA
201805310055538,20180116,11,びわこ,５日目,ip,1,0,,,848195,12,,Bet{2F/14/100/7.0},12/1.7/1,1,100,N,0,AAAABA
201805310055562,20180117,09,津,５日目,ip,2,0,,,848095,1,,Bet{2F/15/100/13.4},14/2.7/2,1,100,N,0,ABBBBB
201805310055614,20180120,08,常滑,２日目,ip,3,0,,,847895,12,,Bet{2F/14/200/5.1},13/4.3/2,1,200,N,0,AAAAAA
201805310055639,20180121,08,常滑,３日目,ip,4,0,,,847695,12,,Bet{2F/15/200/8.9},16/20.5/5,1,200,N,0,AAAABA
201805310055644,20180121,15,丸亀,２日目,ip,5,0,,,847595,10,,Bet{2F/36/100/13.9},13/3.2/2,1,100,N,0,ABABBA
201805310055665,20180122,08,常滑,最終日,ip,6,0,,,847295,12,,Bet{2F/14/300/6.2},13/4.5/2,1,300,N,0,AAAAAA
201805310055670,20180122,20,若松,初日,ip,7,0,,,846995,9,,Bet{2F/12/300/8.2},35/36.2/7,1,300,N,0,ABABAA
201805310055692,20180123,15,丸亀,４日目,ip,8,0,,,846495,10,,Bet{2F/16/500/6.3},13/3.2/1,1,500,N,0,ABBABA
201805310055715,20180124,20,若松,３日目,ip,9,0,,,845895,11,,Bet{2F/15/600/7.7},13/19.7/6,1,600,N,0,AABAAB
201805310055740,20180125,09,津,初日,ip,10,0,,,845595,5,,Bet{2F/15/300/16.0},13/3.7/3,1,300,N,0,ABBBBB
201805310055769,20180126,06,浜名湖,初日,ip,11,0,,,844695,10,,Bet{2F/14/900/6.8},26/27.6/8,1,900,N,0,AABABA
201805310055775,20180126,11,びわこ,初日,ip,0,0,,,851735,11,,Bet{2F/13/1600/5.4},13/5.4/3,1,1600,Y,8640,AAAABA
201805310055780,20180126,01,桐生,初日,ip,0,0,,,851735,8,,,13/5.2/3,0,0,S,0,ABBBAB
201805310055812,20180127,05,多摩川,２日目,ip,0,0,,,851735,12,,,13/4.8/2,0,0,S,0,ABAABA
201805310055844,20180128,09,津,４日目,ip,0,0,,,851635,1,,Bet{2F/12/100/2.5},14/5.9/4,0,100,N,0,ABBBBB
201805310055848,20180128,11,びわこ,３日目,ip,1,0,,,851535,5,,Bet{2F/15/100/8.9},12/1.7/1,1,100,N,0,AABBBB
201805310055878,20180129,09,津,５日目,ip,2,0,,,851435,11,,Bet{2F/14/100/5.9},15/8.3/4,1,100,N,0,AAAAAA
201805310055906,20180130,16,児島,２日目,ip,3,0,,,851235,12,,Bet{2F/13/200/5.1},12/2.7/2,1,200,N,0,AAAAAB
201805310055933,20180131,16,児島,３日目,ip,0,0,,,852135,1,,Bet{2F/13/200/5.5},13/5.5/3,1,200,Y,1100,ABBBBB
201805310055937,20180131,11,びわこ,最終日,ip,0,0,,,852195,5,,Bet{2F/12/100/1.6},12/1.6/1,0,100,Y,160,AABBBB
201805310055942,20180131,13,尼崎,５日目,ip,0,0,,,852195,7,,,45/3.8/2,0,0,S,0,AABAAB
201805310055965,20180201,13,尼崎,最終日,ip,0,0,,,852195,8,,,13/1.8/1,0,0,S,0,ABABBA
201805310055988,20180202,16,児島,５日目,ip,0,0,,,852095,10,,Bet{2F/12/100/2.7},13/3.0/2,0,100,N,0,AAAAAA
20180531005536,20180204,03,江戸川,４日目,ip,1,0,,,851995,12,,Bet{2F/12/100/5.9},16/13.5/5,1,100,N,0,ABBAAA
20180531005566,20180205,24,大村,２日目,ip,2,0,,,851895,10,,Bet{2F/14/100/5.5},16/6.2/3,1,100,N,0,ABBBBB
20180531005571,20180205,05,多摩川,２日目,ip,3,0,,,851795,12,,Bet{2F/23/100/6.6},12/2.0/1,1,100,N,0,AAABBA
20180531005596,20180206,17,宮島,３日目,ip,0,0,,,852655,1,,Bet{2F/15/100/9.6},15/9.6/4,1,100,Y,960,ABBBBB
201805310055101,20180206,24,大村,３日目,ip,0,0,,,852655,10,,,12/3.6/2,0,0,S,0,ABBBBB
201805310055129,20180207,05,多摩川,４日目,ip,0,0,,,852764,7,,Bet{2F/12/100/2.1},12/2.1/1,0,100,Y,209,AAABBA
201805310055134,20180207,16,児島,初日,ip,0,0,,,852924,10,,Bet{2F/12/100/2.6},12/2.6/1,0,100,Y,260,AABAAB
201805310055138,20180207,24,大村,４日目,ip,0,0,,,852824,9,,Bet{2F/12/100/1.1},46/3.1/3,0,100,N,0,AABBBB
201805310055163,20180208,17,宮島,５日目,ip,1,0,,,852724,1,,Bet{2F/16/100/16.5},13/2.1/1,1,100,N,0,ABBBBB
201805310055189,20180209,02,戸田,２日目,ip,2,0,,,852624,10,,Bet{2F/35/100/6.9},16/18.3/9,1,100,N,0,ABABAA
201805310055194,20180209,17,宮島,最終日,ip,0,0,,,853484,11,,Bet{2F/15/200/5.3},15/5.3/3,1,200,Y,1060,AABBAA
201805310055224,20180211,16,児島,５日目,ip,0,0,,,853384,6,,Bet{2F/12/100/2.3},13/2.8/2,0,100,N,0,AAABBB
201805310055256,20180213,02,戸田,最終日,ip,1,0,,,853284,7,,Bet{2F/15/100/5.0},16/17.6/5,1,100,N,0,ABBBBB
201805310055389,20180221,01,桐生,初日,ip,2,0,,,853184,6,,Bet{2F/14/100/5.5},13/3.0/2,1,100,N,0,ABBBBB
201805310055418,20180222,24,大村,２日目,ip,3,0,,,853084,4,,Bet{2F/16/100/7.4},12/1.5/1,1,100,N,0,AABBBB
201805310055451,20180223,01,桐生,３日目,ip,4,0,,,852884,11,,Bet{2F/14/200/5.8},12/1.7/1,1,200,N,0,AAAAAA
201805310055488,20180224,16,児島,初日,ip,5,0,,,852684,11,,Bet{2F/13/200/10.9},14/2.2/1,1,200,N,0,AABAAA
201805310055492,20180224,24,大村,４日目,ip,6,0,,,852384,11,,Bet{2F/13/300/7.0},12/1.1/1,1,300,N,0,AAABBA
201805310055627,20180303,01,桐生,３日目,ip,0,0,,,854834,8,,Bet{2F/12/500/5.9},12/5.9/2,1,500,Y,2950,ABBBAB
201805310055661,20180304,20,若松,３日目,ip,0,0,,,854734,11,,Bet{2F/12/100/2.0},13/2.7/2,0,100,N,0,AAABBB
201805310055692,20180305,20,若松,最終日,ip,1,0,,,854634,12,,Bet{2F/15/100/9.2},14/3.8/3,1,100,N,0,AAAAAA
201805310055720,20180306,15,丸亀,初日,G3,2,0,,,854534,10,,Bet{2F/12/100/7.6},34/9.6/4,1,100,N,0,ABABAA
201805310055764,20180308,15,丸亀,３日目,G3,3,0,,,854434,8,,Bet{2F/13/100/10.3},34/18.5/7,1,100,N,0,AABABB
201805310055789,20180309,23,唐津,初日,ip,4,0,,,854334,1,,Bet{2F/15/100/10.1},14/3.5/2,1,100,N,0,ABBBBB
201805310055821,20180310,08,常滑,初日,G3,5,0,,,854034,10,,Bet{2F/15/300/5.1},14/3.2/1,1,300,N,0,ABBAAB
201805310055826,20180310,01,桐生,初日,ip,6,0,,,853734,9,,Bet{2F/15/300/5.8},12/1.9/1,1,300,N,0,AABBBA
201805310055879,20180312,23,唐津,４日目,ip,7,0,,,853334,9,,Bet{2F/14/400/6.9},23/14.3/5,1,400,N,0,AAABBB
201805310055884,20180312,20,若松,初日,ip,0,0,,,856094,7,,Bet{2F/14/400/7.9},14/7.9/3,1,400,Y,3160,ABAABA
201805310055888,20180312,01,桐生,３日目,ip,0,0,,,856094,8,,,13/5.6/3,0,0,S,0,ABBBAB
201805310055915,20180313,08,常滑,４日目,G3,0,0,,,855994,12,,Bet{2F/12/100/2.2},14/7.6/3,0,100,N,0,AAAAAA
201805310055920,20180313,01,桐生,４日目,ip,1,0,,,855894,6,,Bet{2F/14/100/8.3},12/2.1/2,1,100,N,0,ABBBBB
201805310055949,20180314,08,常滑,５日目,G3,2,0,,,855794,10,,Bet{2F/13/100/5.2},23/25.6/7,1,100,N,0,ABAAAA
201805310055954,20180314,24,大村,初日,ip,0,0,,,856374,10,,Bet{2F/13/100/6.8},13/6.8/2,1,100,Y,680,AAAABA
201805310055957,20180314,24,大村,初日,ip,0,0,,,856374,11,,,13/2.0/1,0,0,S,0,AABAAA
201805310055986,20180315,21,芦屋,２日目,ip,0,0,,,856374,4,,,14/2.4/2,0,0,S,0,ABAABB
20180531005515,20180316,21,芦屋,３日目,ip,0,0,,,856374,12,,,13/1.4/1,0,0,S,0,ABAAAA
20180531005571,20180318,21,芦屋,５日目,ip,0,0,,,856374,12,,,14/3.7/2,0,0,S,0,ABAAAA
20180531005598,20180319,21,芦屋,最終日,ip,0,0,,,856374,12,,,13/2.4/1,0,0,S,0,AAAAAA
201805310055131,20180320,23,唐津,初日,ip,0,0,,,856374,4,,,13/3.1/1,0,0,S,0,ABABBA
201805310055159,20180321,24,大村,初日,ip,0,0,,,856374,12,,,34/30.3/7,0,0,S,0,AAAAAA
201805310055187,20180322,21,芦屋,初日,ip,0,0,,,856374,2,,,13/7.7/4,0,0,S,0,ABBABB
201805310055212,20180323,24,大村,３日目,ip,0,0,,,856274,1,,Bet{2F/12/100/1.9},13/3.0/3,0,100,N,0,ABBBBB
201805310055216,20180323,24,大村,３日目,ip,0,0,,,856754,5,,Bet{2F/14/100/5.8},14/5.8/3,1,100,Y,580,AAABBB
201805310055220,20180323,23,唐津,４日目,ip,0,0,,,856654,12,,Bet{2F/12/100/2.2},14/3.6/3,0,100,N,0,AAABAB
201805310055223,20180323,03,江戸川,２日目,ip,1,0,,,856554,12,,Bet{2F/13/100/11.4},15/3.6/2,1,100,N,0,ABBAAA
201805310055255,20180324,23,唐津,最終日,ip,2,0,,,856454,12,,Bet{2F/16/100/11.4},14/3.3/2,1,100,N,0,AAAABB
201805310055259,20180324,08,常滑,初日,ip,3,0,,,856354,9,,Bet{2F/15/100/8.0},13/1.7/1,1,100,N,0,ABABBB
201805310055263,20180324,24,大村,最終日,ip,4,0,,,856154,11,,Bet{2F/14/200/7.0},13/2.0/1,1,200,N,0,AAABAB
201805310055267,20180324,20,若松,４日目,ip,0,0,,,857594,12,,Bet{2F/13/300/5.8},13/5.8/3,1,300,Y,1740,AABAAA
201805310055292,20180325,21,芦屋,４日目,ip,0,0,,,857594,6,,,14/13.5/4,0,0,S,0,ABABBB
201805310055318,20180326,21,芦屋,最終日,ip,0,0,,,857594,2,,,13/2.9/1,0,0,S,0,ABBABB
201805310055346,20180327,08,常滑,４日目,ip,0,0,,,857594,12,,,12/3.5/2,0,0,S,0,ABAABA
201805310055372,20180328,23,唐津,２日目,ip,0,0,,,857494,12,,Bet{2F/12/100/2.4},14/3.1/2,0,100,N,0,AAAAAA
201805310055377,20180328,08,常滑,５日目,ip,1,0,,,857394,12,,Bet{2F/14/100/13.0},12/1.7/1,1,100,N,0,AAABAB
201805310055398,20180329,08,常滑,最終日,ip,2,0,,,857294,12,,Bet{2F/14/100/5.1},13/3.4/2,1,100,N,0,ABAAAA
201805310055403,20180329,19,下関,２日目,ip,3,0,,,857094,9,,Bet{2F/12/200/5.6},14/13.2/6,1,200,N,0,ABABBA
201805310055425,20180330,24,大村,初日,ip,4,0,,,856894,8,,Bet{2F/26/200/7.6},13/8.3/4,1,200,N,0,AABBBA
201805310055430,20180330,24,大村,初日,ip,5,0,,,856594,12,,Bet{2F/15/300/6.5},16/15.3/5,1,300,N,0,AAAAAA
201805310055434,20180330,19,下関,３日目,ip,6,0,,,856094,11,,Bet{2F/13/500/5.4},15/11.0/4,1,500,N,0,AAABBA
201805310055456,20180331,24,大村,２日目,ip,7,0,,,855594,5,,Bet{2F/14/500/7.1},15/17.7/4,1,500,N,0,ABABBB
201805310055462,20180331,15,丸亀,初日,ip,8,0,,,855094,11,,Bet{2F/15/500/9.1},14/3.1/2,1,500,N,0,AAAAAB
201805310055484,20180401,24,大村,３日目,ip,0,0,,,859604,1,,Bet{2F/15/1100/5.1},15/5.1/3,1,1100,Y,5610,ABBBBB
201805310055489,20180401,24,大村,３日目,ip,0,0,,,859604,2,,,12/5.9/3,0,0,S,0,ABABBB
201805310055513,20180402,12,住之江,２日目,ip,0,0,,,859604,4,,,16/3.0/2,0,0,S,0,ABABBA
201805310055550,20180403,19,下関,最終日,ip,0,0,,,859654,5,,Bet{2F/12/100/1.5},12/1.5/1,0,100,Y,150,ABBABB
201805310055555,20180403,15,丸亀,４日目,ip,0,0,,,859554,11,,Bet{2F/12/100/1.9},15/3.4/2,0,100,N,0,AAABAA
201805310055591,20180404,08,常滑,３日目,ip,1,0,,,859454,12,,Bet{2F/14/100/5.2},13/3.6/2,1,100,N,0,AAAABA
201805310055596,20180404,15,丸亀,５日目,ip,2,0,,,859354,11,,Bet{2F/14/100/7.9},13/2.7/2,1,100,N,0,AABAAA
201805310055624,20180405,01,桐生,２日目,ip,3,0,,,859254,10,,Bet{2F/23/100/8.9},13/2.0/1,1,100,N,0,AAABBB
201805310055629,20180405,15,丸亀,６日目,ip,4,0,,,859054,11,,Bet{2F/14/200/6.2},12/1.6/1,1,200,N,0,AAAABA
201805310055658,20180406,01,桐生,３日目,ip,5,0,,,858754,6,,Bet{2F/15/300/5.7},14/2.0/1,1,300,N,0,ABBBBB
201805310055662,20180406,15,丸亀,最終日,ip,6,0,,,858354,12,,Bet{2F/14/400/6.0},13/3.1/2,1,400,N,0,AAAABA
201805310055689,20180407,01,桐生,４日目,ip,7,0,,,857754,10,,Bet{2F/14/600/5.0},12/2.5/2,1,600,N,0,AAAAAA
201805310055695,20180407,01,桐生,４日目,ip,8,0,,,857054,11,,Bet{2F/14/700/6.4},13/2.1/1,1,700,N,0,ABAAAA
201805310055725,20180408,01,桐生,最終日,ip,9,0,,,855854,12,,Bet{2F/13/1200/5.2},15/5.7/3,1,1200,N,0,AAAAAB
201805310055778,20180411,24,大村,初日,ip,10,0,,,855154,12,,Bet{2F/16/700/11.6},14/3.9/2,1,700,N,0,AAAAAA
201805310055807,20180412,24,大村,２日目,ip,11,0,,,854054,10,,Bet{2F/23/1100/8.8},13/2.2/1,1,1100,N,0,AABBAA
201805310055841,20180413,24,大村,３日目,ip,12,0,,,852754,12,,Bet{2F/15/1300/9.0},12/1.6/1,1,1300,N,0,AAAAAA
201805310055870,20180414,20,若松,２日目,ip,13,0,,,850554,9,,Bet{2F/34/2200/6.8},13/2.9/2,1,2200,N,0,ABAABA
201805310055875,20180414,20,若松,２日目,ip,14,0,,,846554,10,,Bet{2F/12/4000/5.1},13/1.7/1,1,4000,N,0,ABABAA
201805310055913,20180415,24,大村,５日目,ip,15,0,,,844154,6,,Bet{2F/13/2400/10.9},14/3.5/3,1,2400,N,0,ABBAAB
201805310055919,20180415,03,江戸川,初日,ip,16,0,,,838654,12,,Bet{2F/15/5500/6.1},14/3.0/1,1,5500,N,0,AAAAAA
201805310055923,20180415,24,大村,５日目,ip,17,0,,,830554,12,,Bet{2F/15/8100/5.7},35/57.5/9,1,8100,N,0,ABBAAB
201805310055965,20180416,24,大村,最終日,ip,18,0,,,819854,11,,Bet{2F/13/10700/5.9},12/1.6/1,1,10700,N,0,AABBBA
201805310055970,20180416,20,若松,４日目,ip,19,0,,,805754,12,,Bet{2F/14/14100/6.1},12/2.9/1,1,14100,N,0,AAABAA
20180531005509,20180417,20,若松,５日目,ip,20,0,,,788654,9,,Bet{2F/14/17100/6.7},12/1.4/1,1,17100,N,0,AAAAAB
20180531005514,20180417,20,若松,５日目,ip,21,0,,,775254,11,,Bet{2F/15/13400/10.6},13/3.4/2,1,13400,N,0,AAAAAB
20180531005544,20180418,03,江戸川,最終日,ip,22,0,,,751454,8,,Bet{2F/15/23800/7.4},16/12.8/5,1,23800,N,0,ABBABB
20180531005571,20180419,02,戸田,３日目,ip,23,0,,,709954,12,,Bet{2F/15/41500/5.7},13/4.9/2,1,41500,N,0,AABBAA
20180531005577,20180419,12,住之江,初日,ip,0,0,,,979834,10,,Bet{2F/13/51900/6.2},13/6.2/3,1,51900,Y,321780,AABBAB
201805310055103,20180420,10,三国,初日,G3,0,0,,,979834,1,,,15/5.5/4,0,0,S,0,ABBBBB
201805310055137,20180421,10,三国,２日目,G3,0,0,,,979734,1,,Bet{2F/12/100/1.9},14/2.0/2,0,100,N,0,ABBBBB
201805310055143,20180421,08,常滑,２日目,ip,1,0,,,979634,9,,Bet{2F/23/100/8.8},12/2.5/2,1,100,N,0,AAABBB
201805310055149,20180421,12,住之江,３日目,ip,2,0,,,979534,3,,Bet{2F/16/100/5.7},13/2.3/1,1,100,N,0,BAABBB
201805310055183,20180422,02,戸田,初日,ip,3,0,,,979434,9,,Bet{2F/14/100/9.0},12/2.3/1,1,100,N,0,AABBAA
201805310055188,20180422,06,浜名湖,２日目,ip,4,0,,,979334,9,,Bet{2F/23/100/18.4},14/4.5/3,1,100,N,0,AABABB
201805310055193,20180422,12,住之江,４日目,ip,0,0,,,980234,9,,Bet{2F/14/200/5.5},14/5.5/3,1,200,Y,1100,BAAAAB
201805310055198,20180422,12,住之江,４日目,ip,0,0,,,980314,10,,Bet{2F/12/100/1.8},12/1.8/1,0,100,Y,180,AAABAB
201805310055228,20180423,23,唐津,初日,ip,0,0,,,980314,4,,,13/2.8/1,0,0,S,0,ABBABA
201805310055250,20180424,10,三国,５日目,G3,0,0,,,980314,6,,,13/1.8/1,0,0,S,0,ABBBBB
201805310055272,20180425,06,浜名湖,最終日,ip,0,0,,,980214,11,,Bet{2F/12/100/2.0},16/18.6/6,0,100,N,0,AABAAA
201805310055277,20180425,19,下関,２日目,ip,1,0,,,980114,4,,Bet{2F/14/100/6.4},13/2.4/1,1,100,N,0,BBABBA
201805310055281,20180425,19,下関,２日目,ip,2,0,,,980014,10,,Bet{2F/23/100/5.7},13/4.7/2,1,100,N,0,AAABAB
201805310055310,20180426,24,大村,初日,ip,3,0,,,979814,2,,Bet{2F/12/200/6.0},13/1.9/1,1,200,N,0,ABABBB
201805310055315,20180426,24,大村,初日,ip,0,0,,,981104,11,,Bet{2F/14/300/5.3},14/5.3/4,1,300,Y,1590,AAAAAA
201805310055319,20180426,12,住之江,初日,ip,0,0,,,981174,9,,Bet{2F/12/100/1.7},12/1.7/1,0,100,Y,170,AABBAB
201805310055350,20180427,13,尼崎,２日目,ip,0,0,,,981174,9,,,16/2.4/1,0,0,S,0,ABAABA
201805310055384,20180428,03,江戸川,２日目,ip,0,0,,,981174,2,,,13/2.0/1,0,0,S,0,ABBBBB
201805310055427,20180429,13,尼崎,４日目,ip,0,0,,,981174,7,,,24/7.6/3,0,0,S,0,AABABB
201805310055464,20180430,14,鳴門,２日目,ip,0,0,,,981264,3,,Bet{2F/12/100/1.9},12/1.9/1,0,100,Y,190,ABBBBB
201805310055468,20180430,03,江戸川,４日目,ip,0,0,,,981264,10,,,12/5.7/2,0,0,S,0,ABABAB
